"","portfolio.returns","zz.500.1","hs.300.1","gold.1","spx.1","hengsheng.1"
"2010-09-14",-0.00241154920672748,0.158646962570309,0.0510788507365684,0.473204774245572,0.313794122824689,0.00327528962286206
"2010-09-15",-0.00169423775566346,0.158646962570309,0.0510788507365684,0.473204774245572,0.313794122824689,0.00327528962286206
"2010-09-16",-0.000334516408653229,0.158646962570309,0.0510788507365684,0.473204774245572,0.313794122824689,0.00327528962286206
"2010-09-17",0.00446332683544237,0.158646962570309,0.0510788507365684,0.473204774245572,0.313794122824689,0.00327528962286206
"2010-09-20",0.00266065899475842,0.158646962570309,0.0510788507365684,0.473204774245572,0.313794122824689,0.00327528962286206
"2010-09-21",0.0075231745422788,0.158646962570309,0.0510788507365684,0.473204774245572,0.313794122824689,0.00327528962286206
"2010-09-27",0.00666204031272688,0.158646962570309,0.0510788507365684,0.473204774245572,0.313794122824689,0.00327528962286206
"2010-09-28",-0.00385667417519897,0.158646962570309,0.0510788507365684,0.473204774245572,0.313794122824689,0.00327528962286206
"2010-09-29",0.003188780746884,0.158646962570309,0.0510788507365684,0.473204774245572,0.313794122824689,0.00327528962286206
"2010-09-30",0.02549848165879,0.158646962570309,0.0510788507365684,0.473204774245572,0.313794122824689,0.00327528962286206
"2010-10-08",0.00601877723265698,0.0555290310533282,0.171377045557339,0.449161366272636,0.323932557116697,0
"2010-10-11",0.00597359491206872,0.0555290310533282,0.171377045557339,0.449161366272636,0.323932557116697,0
"2010-10-12",0.0120009626013713,0.0555290310533282,0.171377045557339,0.449161366272636,0.323932557116697,0
"2010-10-13",-0.00172223147802897,0.0555290310533282,0.171377045557339,0.449161366272636,0.323932557116697,0
"2010-10-14",0.00269114548538196,0.0555290310533282,0.171377045557339,0.449161366272636,0.323932557116697,0
"2010-10-15",-6.63593562667542e-05,0.0555290310533282,0.171377045557339,0.449161366272636,0.323932557116697,0
"2010-10-18",-0.00936291362350661,0.0555290310533282,0.171377045557339,0.449161366272636,0.323932557116697,0
"2010-10-19",0.00637795309879574,0.0555290310533282,0.171377045557339,0.449161366272636,0.323932557116697,0
"2010-10-20",-0.00546707232374843,0.0555290310533282,0.171377045557339,0.449161366272636,0.323932557116697,0
"2010-10-21",0.00151635981134568,0.0555290310533282,0.171377045557339,0.449161366272636,0.323932557116697,0
"2010-10-22",0.011457380414239,0.0555290310533282,0.171377045557339,0.449161366272636,0.323932557116697,0
"2010-10-25",-0.00201329888481816,0.0555290310533282,0.171377045557339,0.449161366272636,0.323932557116697,0
"2010-10-26",-0.00676724929445383,0.0555290310533282,0.171377045557339,0.449161366272636,0.323932557116697,0
"2010-10-27",0.00433395372496226,0.0555290310533282,0.171377045557339,0.449161366272636,0.323932557116697,0
"2010-10-28",0.00598417473190782,0.0555290310533282,0.171377045557339,0.449161366272636,0.323932557116697,0
"2010-10-29",0.00534987724640312,0.0555290310533282,0.171377045557339,0.449161366272636,0.323932557116697,0
"2010-11-01",0.00122283326099648,0.118548604130481,0.0491684888837256,0.439051678708798,0.30725974357576,0.0859714847012362
"2010-11-02",0.000954795782019069,0.118548604130481,0.0491684888837256,0.439051678708798,0.30725974357576,0.0859714847012362
"2010-11-03",0.0222091322631153,0.118548604130481,0.0491684888837256,0.439051678708798,0.30725974357576,0.0859714847012362
"2010-11-04",0.00615801180702591,0.118548604130481,0.0491684888837256,0.439051678708798,0.30725974357576,0.0859714847012362
"2010-11-05",0.00808785058178541,0.118548604130481,0.0491684888837256,0.439051678708798,0.30725974357576,0.0859714847012362
"2010-11-08",-0.00739890991070302,0.118548604130481,0.0491684888837256,0.439051678708798,0.30725974357576,0.0859714847012362
"2010-11-09",0.00424938715533552,0.118548604130481,0.0491684888837256,0.439051678708798,0.30725974357576,0.0859714847012362
"2010-11-10",-0.0073395735929177,0.118548604130481,0.0491684888837256,0.439051678708798,0.30725974357576,0.0859714847012362
"2010-11-11",-0.0220890814995837,0.118548604130481,0.0491684888837256,0.439051678708798,0.30725974357576,0.0859714847012362
"2010-11-12",-0.000333635091693485,0.118548604130481,0.0491684888837256,0.439051678708798,0.30725974357576,0.0859714847012362
"2010-11-15",-0.0199108952383662,0.118548604130481,0.0491684888837256,0.439051678708798,0.30725974357576,0.0859714847012362
"2010-11-16",-0.00342352353938136,0.118548604130481,0.0491684888837256,0.439051678708798,0.30725974357576,0.0859714847012362
"2010-11-17",0.0100882725224285,0.118548604130481,0.0491684888837256,0.439051678708798,0.30725974357576,0.0859714847012362
"2010-11-18",0.00494723794484431,0.118548604130481,0.0491684888837256,0.439051678708798,0.30725974357576,0.0859714847012362
"2010-11-19",0.0032015025304688,0.118548604130481,0.0491684888837256,0.439051678708798,0.30725974357576,0.0859714847012362
"2010-11-22",-0.00969973022197401,0.118548604130481,0.0491684888837256,0.439051678708798,0.30725974357576,0.0859714847012362
"2010-11-23",0.0176122508631584,0.118548604130481,0.0491684888837256,0.439051678708798,0.30725974357576,0.0859714847012362
"2010-11-24",-0.00939298485624451,0.118548604130481,0.0491684888837256,0.439051678708798,0.30725974357576,0.0859714847012362
"2010-11-26",0.00193648826015025,0.118548604130481,0.0491684888837256,0.439051678708798,0.30725974357576,0.0859714847012362
"2010-11-29",0.00129825488277002,0.118548604130481,0.0491684888837256,0.439051678708798,0.30725974357576,0.0859714847012362
"2010-11-30",0.00899545536523783,0.118548604130481,0.0491684888837256,0.439051678708798,0.30725974357576,0.0859714847012362
"2010-12-01",0.00467635487759255,0.0831144115086545,0.0818511996949276,0.452365572954384,0.312558778371956,0.070110037470078
"2010-12-02",0.00782570714243813,0.0831144115086545,0.0818511996949276,0.452365572954384,0.312558778371956,0.070110037470078
"2010-12-03",0.000343386161731685,0.0831144115086545,0.0818511996949276,0.452365572954384,0.312558778371956,0.070110037470078
"2010-12-06",-0.00734838151381667,0.0831144115086545,0.0818511996949276,0.452365572954384,0.312558778371956,0.070110037470078
"2010-12-07",-0.00178971511688664,0.0831144115086545,0.0818511996949276,0.452365572954384,0.312558778371956,0.070110037470078
"2010-12-08",-0.000880661624949264,0.0831144115086545,0.0818511996949276,0.452365572954384,0.312558778371956,0.070110037470078
"2010-12-09",0.00263959404059433,0.0831144115086545,0.0818511996949276,0.452365572954384,0.312558778371956,0.070110037470078
"2010-12-10",0.0116235962190678,0.0831144115086545,0.0818511996949276,0.452365572954384,0.312558778371956,0.070110037470078
"2010-12-13",-0.0005667029501214,0.0831144115086545,0.0818511996949276,0.452365572954384,0.312558778371956,0.070110037470078
"2010-12-14",-0.0086124948989198,0.0831144115086545,0.0818511996949276,0.452365572954384,0.312558778371956,0.070110037470078
"2010-12-15",-0.00145005910059359,0.0831144115086545,0.0818511996949276,0.452365572954384,0.312558778371956,0.070110037470078
"2010-12-16",0.000328698188507781,0.0831144115086545,0.0818511996949276,0.452365572954384,0.312558778371956,0.070110037470078
"2010-12-17",0.00225164783750742,0.0831144115086545,0.0818511996949276,0.452365572954384,0.312558778371956,0.070110037470078
"2010-12-20",0.00654392612282839,0.0831144115086545,0.0818511996949276,0.452365572954384,0.312558778371956,0.070110037470078
"2010-12-21",-0.00103111254818888,0.0831144115086545,0.0818511996949276,0.452365572954384,0.312558778371956,0.070110037470078
"2010-12-22",-0.00637918267843629,0.0831144115086545,0.0818511996949276,0.452365572954384,0.312558778371956,0.070110037470078
"2010-12-23",-0.00117905240508442,0.0831144115086545,0.0818511996949276,0.452365572954384,0.312558778371956,0.070110037470078
"2010-12-28",0.00615368226175161,0.0831144115086545,0.0818511996949276,0.452365572954384,0.312558778371956,0.070110037470078
"2010-12-29",-0.00218699921777565,0.0831144115086545,0.0818511996949276,0.452365572954384,0.312558778371956,0.070110037470078
"2010-12-30",0.00838502568255595,0.0831144115086545,0.0818511996949276,0.452365572954384,0.312558778371956,0.070110037470078
"2010-12-31",-0.00420610660747001,0.0831144115086545,0.0818511996949276,0.452365572954384,0.312558778371956,0.070110037470078
"2011-01-04",-0.000597719039620692,0.128074216840593,0.0307961270515022,0.447455865380783,0.317213263949152,0.07646052677797
"2011-01-05",-0.00306398722267487,0.128074216840593,0.0307961270515022,0.447455865380783,0.317213263949152,0.07646052677797
"2011-01-06",-0.00170287382044509,0.128074216840593,0.0307961270515022,0.447455865380783,0.317213263949152,0.07646052677797
"2011-01-07",-0.00350976837358508,0.128074216840593,0.0307961270515022,0.447455865380783,0.317213263949152,0.07646052677797
"2011-01-10",0.00467667758225998,0.128074216840593,0.0307961270515022,0.447455865380783,0.317213263949152,0.07646052677797
"2011-01-11",0.00532642663740979,0.128074216840593,0.0307961270515022,0.447455865380783,0.317213263949152,0.07646052677797
"2011-01-12",-0.00366720735610981,0.128074216840593,0.0307961270515022,0.447455865380783,0.317213263949152,0.07646052677797
"2011-01-13",-0.00545975228737516,0.128074216840593,0.0307961270515022,0.447455865380783,0.317213263949152,0.07646052677797
"2011-01-14",-0.00251573442219122,0.128074216840593,0.0307961270515022,0.447455865380783,0.317213263949152,0.07646052677797
"2011-01-18",-2.67463847383187e-05,0.128074216840593,0.0307961270515022,0.447455865380783,0.317213263949152,0.07646052677797
"2011-01-19",-0.0139837957119955,0.128074216840593,0.0307961270515022,0.447455865380783,0.317213263949152,0.07646052677797
"2011-01-20",-0.000396556799795778,0.128074216840593,0.0307961270515022,0.447455865380783,0.317213263949152,0.07646052677797
"2011-01-21",-0.00498961470738957,0.128074216840593,0.0307961270515022,0.447455865380783,0.317213263949152,0.07646052677797
"2011-01-24",-0.00173464387787658,0.128074216840593,0.0307961270515022,0.447455865380783,0.317213263949152,0.07646052677797
"2011-01-25",0.00837502213871066,0.128074216840593,0.0307961270515022,0.447455865380783,0.317213263949152,0.07646052677797
"2011-01-26",-0.00705930850946657,0.128074216840593,0.0307961270515022,0.447455865380783,0.317213263949152,0.07646052677797
"2011-01-27",0.00403505095154411,0.128074216840593,0.0307961270515022,0.447455865380783,0.317213263949152,0.07646052677797
"2011-01-28",0.00374807609196282,0.128074216840593,0.0307961270515022,0.447455865380783,0.317213263949152,0.07646052677797
"2011-01-31",0.00720419805150718,0.128074216840593,0.0307961270515022,0.447455865380783,0.317213263949152,0.07646052677797
"2011-02-01",0.00855058091580818,0.0304050507295478,0.139739815832486,0.458508683255606,0.322532410024686,0.0488140401576749
"2011-02-09",0.00300624748968437,0.0304050507295478,0.139739815832486,0.458508683255606,0.322532410024686,0.0488140401576749
"2011-02-10",0.000509546095873947,0.0304050507295478,0.139739815832486,0.458508683255606,0.322532410024686,0.0488140401576749
"2011-02-11",0.00910542800426528,0.0304050507295478,0.139739815832486,0.458508683255606,0.322532410024686,0.0488140401576749
"2011-02-14",0.00133067759704408,0.0304050507295478,0.139739815832486,0.458508683255606,0.322532410024686,0.0488140401576749
"2011-02-15",0.00589352037604107,0.0304050507295478,0.139739815832486,0.458508683255606,0.322532410024686,0.0488140401576749
"2011-02-16",0.00319513336157629,0.0304050507295478,0.139739815832486,0.458508683255606,0.322532410024686,0.0488140401576749
"2011-02-17",0.00147828322254662,0.0304050507295478,0.139739815832486,0.458508683255606,0.322532410024686,0.0488140401576749
"2011-02-18",-0.00627383045104524,0.0304050507295478,0.139739815832486,0.458508683255606,0.322532410024686,0.0488140401576749
"2011-02-22",0.0024376202248646,0.0304050507295478,0.139739815832486,0.458508683255606,0.322532410024686,0.0488140401576749
"2011-02-23",-0.00285143315391367,0.0304050507295478,0.139739815832486,0.458508683255606,0.322532410024686,0.0488140401576749
"2011-02-24",0.00673794993494092,0.0304050507295478,0.139739815832486,0.458508683255606,0.322532410024686,0.0488140401576749
"2011-02-25",0.00557227629235113,0.0304050507295478,0.139739815832486,0.458508683255606,0.322532410024686,0.0488140401576749
"2011-02-28",0.00138690864510571,0.0304050507295478,0.139739815832486,0.458508683255606,0.322532410024686,0.0488140401576749
"2011-03-01",0.000687095165647467,0.0415270149727773,0.122785320025801,0.466953388878212,0.316388087074645,0.0523461890485651
"2011-03-02",-0.00115580136925475,0.0415270149727773,0.122785320025801,0.466953388878212,0.316388087074645,0.0523461890485651
"2011-03-03",0.00547141192449052,0.0415270149727773,0.122785320025801,0.466953388878212,0.316388087074645,0.0523461890485651
"2011-03-04",8.98426119004814e-05,0.0415270149727773,0.122785320025801,0.466953388878212,0.316388087074645,0.0523461890485651
"2011-03-07",0.0021586001601912,0.0415270149727773,0.122785320025801,0.466953388878212,0.316388087074645,0.0523461890485651
"2011-03-08",0.000814313429049252,0.0415270149727773,0.122785320025801,0.466953388878212,0.316388087074645,0.0523461890485651
"2011-03-09",-0.0129739448116164,0.0415270149727773,0.122785320025801,0.466953388878212,0.316388087074645,0.0523461890485651
"2011-03-10",0.000961330518391312,0.0415270149727773,0.122785320025801,0.466953388878212,0.316388087074645,0.0523461890485651
"2011-03-11",-0.00080234609858687,0.0415270149727773,0.122785320025801,0.466953388878212,0.316388087074645,0.0523461890485651
"2011-03-14",-0.0148684204109643,0.0415270149727773,0.122785320025801,0.466953388878212,0.316388087074645,0.0523461890485651
"2011-03-15",-0.0061751378595245,0.0415270149727773,0.122785320025801,0.466953388878212,0.316388087074645,0.0523461890485651
"2011-03-16",0.00703327937833809,0.0415270149727773,0.122785320025801,0.466953388878212,0.316388087074645,0.0523461890485651
"2011-03-17",0.00541102579711028,0.0415270149727773,0.122785320025801,0.466953388878212,0.316388087074645,0.0523461890485651
"2011-03-18",0.00877282982075722,0.0415270149727773,0.122785320025801,0.466953388878212,0.316388087074645,0.0523461890485651
"2011-03-21",-0.000773245025710079,0.0415270149727773,0.122785320025801,0.466953388878212,0.316388087074645,0.0523461890485651
"2011-03-22",0.0060535620204849,0.0415270149727773,0.122785320025801,0.466953388878212,0.316388087074645,0.0523461890485651
"2011-03-23",0.00113971544380198,0.0415270149727773,0.122785320025801,0.466953388878212,0.316388087074645,0.0523461890485651
"2011-03-24",0.00248801483132444,0.0415270149727773,0.122785320025801,0.466953388878212,0.316388087074645,0.0523461890485651
"2011-03-25",-0.00537096477914112,0.0415270149727773,0.122785320025801,0.466953388878212,0.316388087074645,0.0523461890485651
"2011-03-28",0.000425621025081924,0.0415270149727773,0.122785320025801,0.466953388878212,0.316388087074645,0.0523461890485651
"2011-03-29",0.00502231237372497,0.0415270149727773,0.122785320025801,0.466953388878212,0.316388087074645,0.0523461890485651
"2011-03-30",-0.000271345337185758,0.0415270149727773,0.122785320025801,0.466953388878212,0.316388087074645,0.0523461890485651
"2011-03-31",0.00394861970183236,0.0415270149727773,0.122785320025801,0.466953388878212,0.316388087074645,0.0523461890485651
"2011-04-01",0.0122483146260266,0.0373366160229532,0.128174254577912,0.467254355514488,0.316311370187486,0.0509234036971609
"2011-04-06",0.00331177573342911,0.0373366160229532,0.128174254577912,0.467254355514488,0.316311370187486,0.0509234036971609
"2011-04-07",0.00374043681468339,0.0373366160229532,0.128174254577912,0.467254355514488,0.316311370187486,0.0509234036971609
"2011-04-08",-0.00793318239793017,0.0373366160229532,0.128174254577912,0.467254355514488,0.316311370187486,0.0509234036971609
"2011-04-11",-0.00398790541666061,0.0373366160229532,0.128174254577912,0.467254355514488,0.316311370187486,0.0509234036971609
"2011-04-12",0.00366664030881947,0.0373366160229532,0.128174254577912,0.467254355514488,0.316311370187486,0.0509234036971609
"2011-04-13",0.00389497212204293,0.0373366160229532,0.128174254577912,0.467254355514488,0.316311370187486,0.0509234036971609
"2011-04-14",0.00531955058493305,0.0373366160229532,0.128174254577912,0.467254355514488,0.316311370187486,0.0509234036971609
"2011-04-15",-0.0024670913669258,0.0373366160229532,0.128174254577912,0.467254355514488,0.316311370187486,0.0509234036971609
"2011-04-18",0.00055850750036357,0.0373366160229532,0.128174254577912,0.467254355514488,0.316311370187486,0.0509234036971609
"2011-04-19",0.00809469518474448,0.0373366160229532,0.128174254577912,0.467254355514488,0.316311370187486,0.0509234036971609
"2011-04-20",0.00257142272105337,0.0373366160229532,0.128174254577912,0.467254355514488,0.316311370187486,0.0509234036971609
"2011-04-21",-0.00182375154654291,0.0373366160229532,0.128174254577912,0.467254355514488,0.316311370187486,0.0509234036971609
"2011-04-26",0.00671206183117445,0.0373366160229532,0.128174254577912,0.467254355514488,0.316311370187486,0.0509234036971609
"2011-04-27",-0.000333907345232975,0.0373366160229532,0.128174254577912,0.467254355514488,0.316311370187486,0.0509234036971609
"2011-04-28",0.0120019487109222,0.0373366160229532,0.128174254577912,0.467254355514488,0.316311370187486,0.0509234036971609
"2011-04-29",-0.0103613747594948,0.0373366160229532,0.128174254577912,0.467254355514488,0.316311370187486,0.0509234036971609
"2011-05-03",-0.0116288319344141,0.0373366160229531,0.128174254577912,0.467254355514488,0.316311370187486,0.0509234036971608
"2011-05-04",-0.0116018174839396,0.0373366160229531,0.128174254577912,0.467254355514488,0.316311370187486,0.0509234036971608
"2011-05-05",0.00284905358566712,0.0373366160229531,0.128174254577912,0.467254355514488,0.316311370187486,0.0509234036971608
"2011-05-06",0.00700836515544401,0.0373366160229531,0.128174254577912,0.467254355514488,0.316311370187486,0.0509234036971608
"2011-05-09",-0.0015793512669926,0.0373366160229531,0.128174254577912,0.467254355514488,0.316311370187486,0.0509234036971608
"2011-05-11",-0.00188122552872272,0.0373366160229531,0.128174254577912,0.467254355514488,0.316311370187486,0.0509234036971608
"2011-05-12",-0.00341737628315053,0.0373366160229531,0.128174254577912,0.467254355514488,0.316311370187486,0.0509234036971608
"2011-05-13",-0.00433090504272238,0.0373366160229531,0.128174254577912,0.467254355514488,0.316311370187486,0.0509234036971608
"2011-05-16",-0.000309768945934596,0.0373366160229531,0.128174254577912,0.467254355514488,0.316311370187486,0.0509234036971608
"2011-05-17",0.00639939314703075,0.0373366160229531,0.128174254577912,0.467254355514488,0.316311370187486,0.0509234036971608
"2011-05-18",-0.000656938072145397,0.0373366160229531,0.128174254577912,0.467254355514488,0.316311370187486,0.0509234036971608
"2011-05-19",0.00321409421539154,0.0373366160229531,0.128174254577912,0.467254355514488,0.316311370187486,0.0509234036971608
"2011-05-20",-0.00937747839337,0.0373366160229531,0.128174254577912,0.467254355514488,0.316311370187486,0.0509234036971608
"2011-05-23",0.00238688829790878,0.0373366160229531,0.128174254577912,0.467254355514488,0.316311370187486,0.0509234036971608
"2011-05-24",0.000231801529441356,0.0373366160229531,0.128174254577912,0.467254355514488,0.316311370187486,0.0509234036971608
"2011-05-25",-0.000450514406765912,0.0373366160229531,0.128174254577912,0.467254355514488,0.316311370187486,0.0509234036971608
"2011-05-26",0.0039026195383387,0.0373366160229531,0.128174254577912,0.467254355514488,0.316311370187486,0.0509234036971608
"2011-05-27",0.00455837942830639,0.0373366160229531,0.128174254577912,0.467254355514488,0.316311370187486,0.0509234036971608
"2011-05-31",-0.00441799915345409,0.0373366160229531,0.128174254577912,0.467254355514488,0.316311370187486,0.0509234036971608
"2011-06-01",-0.00534587589666013,0.0884571948098373,0.0654597634775328,0.467902656412242,0.314558191885103,0.0636221934152855
"2011-06-02",0.00126464587004005,0.0884571948098373,0.0654597634775328,0.467902656412242,0.314558191885103,0.0636221934152855
"2011-06-03",-0.00334372809364869,0.0884571948098373,0.0654597634775328,0.467902656412242,0.314558191885103,0.0636221934152855
"2011-06-07",-0.0028281303137776,0.0884571948098373,0.0654597634775328,0.467902656412242,0.314558191885103,0.0636221934152855
"2011-06-08",0.000889822827797149,0.0884571948098373,0.0654597634775328,0.467902656412242,0.314558191885103,0.0636221934152855
"2011-06-09",-0.0078581968117083,0.0884571948098373,0.0654597634775328,0.467902656412242,0.314558191885103,0.0636221934152855
"2011-06-10",-0.00343511159474585,0.0884571948098373,0.0654597634775328,0.467902656412242,0.314558191885103,0.0636221934152855
"2011-06-13",0.00822765418569338,0.0884571948098373,0.0654597634775328,0.467902656412242,0.314558191885103,0.0636221934152855
"2011-06-14",-0.00719917059908814,0.0884571948098373,0.0654597634775328,0.467902656412242,0.314558191885103,0.0636221934152855
"2011-06-15",-0.00333109131266685,0.0884571948098373,0.0654597634775328,0.467902656412242,0.314558191885103,0.0636221934152855
"2011-06-16",0.00198298134383812,0.0884571948098373,0.0654597634775328,0.467902656412242,0.314558191885103,0.0636221934152855
"2011-06-17",0.000437896556623851,0.0884571948098373,0.0654597634775328,0.467902656412242,0.314558191885103,0.0636221934152855
"2011-06-20",0.0087034714810923,0.0884571948098373,0.0654597634775328,0.467902656412242,0.314558191885103,0.0636221934152855
"2011-06-21",-0.00236911182002719,0.0884571948098373,0.0654597634775328,0.467902656412242,0.314558191885103,0.0636221934152855
"2011-06-22",-0.00590480986754005,0.0884571948098373,0.0654597634775328,0.467902656412242,0.314558191885103,0.0636221934152855
"2011-06-23",-0.00491622454578544,0.0884571948098373,0.0654597634775328,0.467902656412242,0.314558191885103,0.0636221934152855
"2011-06-24",0.0031831479632225,0.0884571948098373,0.0654597634775328,0.467902656412242,0.314558191885103,0.0636221934152855
"2011-06-27",0.00579858176108994,0.0884571948098373,0.0654597634775328,0.467902656412242,0.314558191885103,0.0636221934152855
"2011-06-28",0.0030101510637266,0.0884571948098373,0.0654597634775328,0.467902656412242,0.314558191885103,0.0636221934152855
"2011-06-29",0.0025154021196625,0.0884571948098373,0.0654597634775328,0.467902656412242,0.314558191885103,0.0636221934152855
"2011-06-30",0.0141564846626134,0.0884571948098373,0.0654597634775328,0.467902656412242,0.314558191885103,0.0636221934152855
"2011-07-05",0.00446228488611067,0.0363421476936217,0.131796969263095,0.465874176633355,0.316964775358917,0.0490219310510118
"2011-07-06",0.00192217967977504,0.0363421476936217,0.131796969263095,0.465874176633355,0.316964775358917,0.0490219310510118
"2011-07-07",0.00350678761342693,0.0363421476936217,0.131796969263095,0.465874176633355,0.316964775358917,0.0490219310510118
"2011-07-08",-0.00333691474178455,0.0363421476936217,0.131796969263095,0.465874176633355,0.316964775358917,0.0490219310510118
"2011-07-11",-0.00160430569786696,0.0363421476936217,0.131796969263095,0.465874176633355,0.316964775358917,0.0490219310510118
"2011-07-12",0.0103823437957693,0.0363421476936217,0.131796969263095,0.465874176633355,0.316964775358917,0.0490219310510118
"2011-07-13",-0.0022995580479287,0.0363421476936217,0.131796969263095,0.465874176633355,0.316964775358917,0.0490219310510118
"2011-07-14",0.00577905629601783,0.0363421476936217,0.131796969263095,0.465874176633355,0.316964775358917,0.0490219310510118
"2011-07-15",-0.000814573582335831,0.0363421476936217,0.131796969263095,0.465874176633355,0.316964775358917,0.0490219310510118
"2011-07-18",0.00082227092945808,0.0363421476936217,0.131796969263095,0.465874176633355,0.316964775358917,0.0490219310510118
"2011-07-19",0.00145398175204714,0.0363421476936217,0.131796969263095,0.465874176633355,0.316964775358917,0.0490219310510118
"2011-07-20",-0.00049829079072794,0.0363421476936217,0.131796969263095,0.465874176633355,0.316964775358917,0.0490219310510118
"2011-07-21",0.0060713764034197,0.0363421476936217,0.131796969263095,0.465874176633355,0.316964775358917,0.0490219310510118
"2011-07-22",-0.00470707150446237,0.0363421476936217,0.131796969263095,0.465874176633355,0.316964775358917,0.0490219310510118
"2011-07-25",0.00248828453460237,0.0363421476936217,0.131796969263095,0.465874176633355,0.316964775358917,0.0490219310510118
"2011-07-26",-0.00600498055882137,0.0363421476936217,0.131796969263095,0.465874176633355,0.316964775358917,0.0490219310510118
"2011-07-27",-0.00237187668735195,0.0363421476936217,0.131796969263095,0.465874176633355,0.316964775358917,0.0490219310510118
"2011-07-28",0.00119318829099324,0.0363421476936217,0.131796969263095,0.465874176633355,0.316964775358917,0.0490219310510118
"2011-07-29",-0.00315873493357233,0.0363421476936217,0.131796969263095,0.465874176633355,0.316964775358917,0.0490219310510118
"2011-08-01",-0.00342459254464511,0.0566162359382079,0.108785067152396,0.462467241767077,0.320119553401554,0.0520119017407649
"2011-08-02",0.00686281699588043,0.0566162359382079,0.108785067152396,0.462467241767077,0.320119553401554,0.0520119017407649
"2011-08-03",-0.0170925571278314,0.0566162359382079,0.108785067152396,0.462467241767077,0.320119553401554,0.0520119017407649
"2011-08-04",-0.00783373151365763,0.0566162359382079,0.108785067152396,0.462467241767077,0.320119553401554,0.0520119017407649
"2011-08-05",-0.0119928218114793,0.0566162359382079,0.108785067152396,0.462467241767077,0.320119553401554,0.0520119017407649
"2011-08-08",0.0202644793895821,0.0566162359382079,0.108785067152396,0.462467241767077,0.320119553401554,0.0520119017407649
"2011-08-09",-0.000141411573345573,0.0566162359382079,0.108785067152396,0.462467241767077,0.320119553401554,0.0520119017407649
"2011-08-10",0.00844867794863413,0.0566162359382079,0.108785067152396,0.462467241767077,0.320119553401554,0.0520119017407649
"2011-08-11",0.000375612871673425,0.0566162359382079,0.108785067152396,0.462467241767077,0.320119553401554,0.0520119017407649
"2011-08-12",0.015192999380325,0.0566162359382079,0.108785067152396,0.462467241767077,0.320119553401554,0.0520119017407649
"2011-08-15",0.00262958220421594,0.0566162359382079,0.108785067152396,0.462467241767077,0.320119553401554,0.0520119017407649
"2011-08-16",0.00209908525897062,0.0566162359382079,0.108785067152396,0.462467241767077,0.320119553401554,0.0520119017407649
"2011-08-17",-0.0106258719506002,0.0566162359382079,0.108785067152396,0.462467241767077,0.320119553401554,0.0520119017407649
"2011-08-18",-0.000285634504516907,0.0566162359382079,0.108785067152396,0.462467241767077,0.320119553401554,0.0520119017407649
"2011-08-19",0.00867080398409348,0.0566162359382079,0.108785067152396,0.462467241767077,0.320119553401554,0.0520119017407649
"2011-08-22",0.00714538344561011,0.0566162359382079,0.108785067152396,0.462467241767077,0.320119553401554,0.0520119017407649
"2011-08-23",-0.023222000562101,0.0566162359382079,0.108785067152396,0.462467241767077,0.320119553401554,0.0520119017407649
"2011-08-24",0.00214399571337531,0.0566162359382079,0.108785067152396,0.462467241767077,0.320119553401554,0.0520119017407649
"2011-08-25",0.0133683997945129,0.0566162359382079,0.108785067152396,0.462467241767077,0.320119553401554,0.0520119017407649
"2011-08-26",0.00601760503816617,0.0566162359382079,0.108785067152396,0.462467241767077,0.320119553401554,0.0520119017407649
"2011-08-29",0.0105929593525558,0.0566162359382079,0.108785067152396,0.462467241767077,0.320119553401554,0.0520119017407649
"2011-08-30",0.00283056104661594,0.0566162359382079,0.108785067152396,0.462467241767077,0.320119553401554,0.0520119017407649
"2011-08-31",-0.00525024575577682,0.0566162359382079,0.108785067152396,0.462467241767077,0.320119553401554,0.0520119017407649
"2011-09-01",0.00324519430109715,0.213353301022288,0,0.497222281042685,0.289424417935027,0
"2011-09-02",-0.00998386243268323,0.213353301022288,0,0.497222281042685,0.289424417935027,0
"2011-09-06",-0.0013457557639136,0.213353301022288,0,0.497222281042685,0.289424417935027,0
"2011-09-07",0.0055541875935905,0.213353301022288,0,0.497222281042685,0.289424417935027,0
"2011-09-08",-0.00851598671163134,0.213353301022288,0,0.497222281042685,0.289424417935027,0
"2011-09-09",-0.00127518987514352,0.213353301022288,0,0.497222281042685,0.289424417935027,0
"2011-09-14",-0.00713235624561481,0.213353301022288,0,0.497222281042685,0.289424417935027,0
"2011-09-15",0.0109118929110383,0.213353301022288,0,0.497222281042685,0.289424417935027,0
"2011-09-16",-0.0168445941317251,0.213353301022288,0,0.497222281042685,0.289424417935027,0
"2011-09-19",0.00899166799012074,0.213353301022288,0,0.497222281042685,0.289424417935027,0
"2011-09-20",-0.00244816833161132,0.213353301022288,0,0.497222281042685,0.289424417935027,0
"2011-09-21",-0.0336405040585929,0.213353301022288,0,0.497222281042685,0.289424417935027,0
"2011-09-22",-0.0167482460812726,0.213353301022288,0,0.497222281042685,0.289424417935027,0
"2011-09-23",-0.0227387853356936,0.213353301022288,0,0.497222281042685,0.289424417935027,0
"2011-09-26",0.0219677184698208,0.213353301022288,0,0.497222281042685,0.289424417935027,0
"2011-09-27",-0.0199289570127624,0.213353301022288,0,0.497222281042685,0.289424417935027,0
"2011-09-28",-0.011272838537535,0.213353301022288,0,0.497222281042685,0.289424417935027,0
"2011-09-30",0.0297594315166532,0.213353301022288,0,0.497222281042685,0.289424417935027,0
"2011-10-10",-0.00126123410894252,0.140874642211238,0.02733020804146,0.426338251625485,0.337634656129484,0.0678222419923327
"2011-10-11",0.0154445903623901,0.140874642211238,0.02733020804146,0.426338251625485,0.337634656129484,0.0678222419923327
"2011-10-12",-0.000982007698956733,0.140874642211238,0.02733020804146,0.426338251625485,0.337634656129484,0.0678222419923327
"2011-10-13",0.00797057553762048,0.140874642211238,0.02733020804146,0.426338251625485,0.337634656129484,0.0678222419923327
"2011-10-14",-0.00623947127023916,0.140874642211238,0.02733020804146,0.426338251625485,0.337634656129484,0.0678222419923327
"2011-10-17",-0.00702256701746107,0.140874642211238,0.02733020804146,0.426338251625485,0.337634656129484,0.0678222419923327
"2011-10-18",-0.00582011780155445,0.140874642211238,0.02733020804146,0.426338251625485,0.337634656129484,0.0678222419923327
"2011-10-19",-0.0133151121057109,0.140874642211238,0.02733020804146,0.426338251625485,0.337634656129484,0.0678222419923327
"2011-10-20",0.00991649605425704,0.140874642211238,0.02733020804146,0.426338251625485,0.337634656129484,0.0678222419923327
"2011-10-21",0.014620879266767,0.140874642211238,0.02733020804146,0.426338251625485,0.337634656129484,0.0678222419923327
"2011-10-24",0.0107712365246879,0.140874642211238,0.02733020804146,0.426338251625485,0.337634656129484,0.0678222419923327
"2011-10-25",0.0118443665622827,0.140874642211238,0.02733020804146,0.426338251625485,0.337634656129484,0.0678222419923327
"2011-10-26",0.0169105342392446,0.140874642211238,0.02733020804146,0.426338251625485,0.337634656129484,0.0678222419923327
"2011-10-27",0.00765628047416134,0.140874642211238,0.02733020804146,0.426338251625485,0.337634656129484,0.0678222419923327
"2011-10-28",-0.0135574754338985,0.140874642211238,0.02733020804146,0.426338251625485,0.337634656129484,0.0678222419923327
"2011-10-31",-0.014396373260961,0.140874642211238,0.02733020804146,0.426338251625485,0.337634656129484,0.0678222419923327
"2011-11-01",0.0141479982362651,0.172709077688135,0,0.435321426450659,0.332557861380857,0.0594116344803484
"2011-11-02",0.0147554874598226,0.172709077688135,0,0.435321426450659,0.332557861380857,0.0594116344803484
"2011-11-03",-0.00104229208373441,0.172709077688135,0,0.435321426450659,0.332557861380857,0.0594116344803484
"2011-11-04",0.00959219291376767,0.172709077688135,0,0.435321426450659,0.332557861380857,0.0594116344803484
"2011-11-07",0.00347150486482617,0.172709077688135,0,0.435321426450659,0.332557861380857,0.0594116344803484
"2011-11-08",-0.0101142137811137,0.172709077688135,0,0.435321426450659,0.332557861380857,0.0594116344803484
"2011-11-09",-0.0106055056432205,0.172709077688135,0,0.435321426450659,0.332557861380857,0.0594116344803484
"2011-11-10",0.0139773467973128,0.172709077688135,0,0.435321426450659,0.332557861380857,0.0594116344803484
"2011-11-11",-0.000243284742807881,0.172709077688135,0,0.435321426450659,0.332557861380857,0.0594116344803484
"2011-11-14",0.00342000967797107,0.172709077688135,0,0.435321426450659,0.332557861380857,0.0594116344803484
"2011-11-15",-0.0129439880311759,0.172709077688135,0,0.435321426450659,0.332557861380857,0.0594116344803484
"2011-11-16",-0.0196806162752245,0.172709077688135,0,0.435321426450659,0.332557861380857,0.0594116344803484
"2011-11-17",-0.00484403160079905,0.172709077688135,0,0.435321426450659,0.332557861380857,0.0594116344803484
"2011-11-18",-0.0187925342974687,0.172709077688135,0,0.435321426450659,0.332557861380857,0.0594116344803484
"2011-11-21",0.00465764414287806,0.172709077688135,0,0.435321426450659,0.332557861380857,0.0594116344803484
"2011-11-22",-0.010934898058072,0.172709077688135,0,0.435321426450659,0.332557861380857,0.0594116344803484
"2011-11-23",-0.00546600260675023,0.172709077688135,0,0.435321426450659,0.332557861380857,0.0594116344803484
"2011-11-25",0.0175499189405193,0.172709077688135,0,0.435321426450659,0.332557861380857,0.0594116344803484
"2011-11-28",0.00639795168698587,0.172709077688135,0,0.435321426450659,0.332557861380857,0.0594116344803484
"2011-11-29",0.0145171548398391,0.172709077688135,0,0.435321426450659,0.332557861380857,0.0594116344803484
"2011-11-30",0.00607112735578386,0.172709077688135,0,0.435321426450659,0.332557861380857,0.0594116344803484
"2011-12-01",-0.00425123487005941,0.192655690191819,0,0.64580819659287,0.161536113215311,0
"2011-12-02",-0.0124283515464754,0.192655690191819,0,0.64580819659287,0.161536113215311,0
"2011-12-05",0.00157635949055468,0.192655690191819,0,0.64580819659287,0.161536113215311,0
"2011-12-06",0.00608429638215191,0.192655690191819,0,0.64580819659287,0.161536113215311,0
"2011-12-07",-0.0163930140358786,0.192655690191819,0,0.64580819659287,0.161536113215311,0
"2011-12-08",0.00302899673989798,0.192655690191819,0,0.64580819659287,0.161536113215311,0
"2011-12-09",-0.0225623602137575,0.192655690191819,0,0.64580819659287,0.161536113215311,0
"2011-12-12",-0.0215965753016965,0.192655690191819,0,0.64580819659287,0.161536113215311,0
"2011-12-13",-0.0273703581866636,0.192655690191819,0,0.64580819659287,0.161536113215311,0
"2011-12-14",-0.00578239181355111,0.192655690191819,0,0.64580819659287,0.161536113215311,0
"2011-12-15",0.0146450943604877,0.192655690191819,0,0.64580819659287,0.161536113215311,0
"2011-12-16",-0.00191037286025653,0.192655690191819,0,0.64580819659287,0.161536113215311,0
"2011-12-19",0.0119593374587277,0.192655690191819,0,0.64580819659287,0.161536113215311,0
"2011-12-20",-0.00414125138312327,0.192655690191819,0,0.64580819659287,0.161536113215311,0
"2011-12-21",-0.00346002094038711,0.192655690191819,0,0.64580819659287,0.161536113215311,0
"2011-12-22",0.00269284109043144,0.192655690191819,0,0.64580819659287,0.161536113215311,0
"2011-12-23",-0.0295745825120537,0.192655690191819,0,0.64580819659287,0.161536113215311,0
"2011-12-28",-0.00197254564084393,0.192655690191819,0,0.64580819659287,0.161536113215311,0
"2011-12-29",0.00938948154755304,0.192655690191819,0,0.64580819659287,0.161536113215311,0
"2011-12-30",0.0176969167751739,0.192655690191819,0,0.64580819659287,0.161536113215311,0
"2012-01-04",-0.0028789034802682,0.185478255916567,0,0.468704520738279,0.319273493412906,0.026543729932248
"2012-01-05",-0.00171258978839262,0.185478255916567,0,0.468704520738279,0.319273493412906,0.026543729932248
"2012-01-06",0.00716357032323423,0.185478255916567,0,0.468704520738279,0.319273493412906,0.026543729932248
"2012-01-09",0.0162620333132542,0.185478255916567,0,0.468704520738279,0.319273493412906,0.026543729932248
"2012-01-10",0.00322404378716001,0.185478255916567,0,0.468704520738279,0.319273493412906,0.026543729932248
"2012-01-11",0.00272916421195468,0.185478255916567,0,0.468704520738279,0.319273493412906,0.026543729932248
"2012-01-12",-0.00988882157561788,0.185478255916567,0,0.468704520738279,0.319273493412906,0.026543729932248
"2012-01-13",0.00888709147307898,0.185478255916567,0,0.468704520738279,0.319273493412906,0.026543729932248
"2012-01-17",0.00199287629114941,0.185478255916567,0,0.468704520738279,0.319273493412906,0.026543729932248
"2012-01-18",0.00366598012094244,0.185478255916567,0,0.468704520738279,0.319273493412906,0.026543729932248
"2012-01-19",0.00492911602160362,0.185478255916567,0,0.468704520738279,0.319273493412906,0.026543729932248
"2012-01-20",0.0173289110049248,0.185478255916567,0,0.468704520738279,0.319273493412906,0.026543729932248
"2012-01-30",0.0017612163654257,0.185478255916567,0,0.468704520738279,0.319273493412906,0.026543729932248
"2012-01-31",0.00282005249127582,0.185478255916567,0,0.468704520738279,0.319273493412906,0.026543729932248
"2012-02-01",0.00876671981574395,0.172687997935682,0,0.433503514876911,0.333572026868587,0.0602364603188205
"2012-02-02",0.000238688177193414,0.172687997935682,0,0.433503514876911,0.333572026868587,0.0602364603188205
"2012-02-03",-0.000633065788331444,0.172687997935682,0,0.433503514876911,0.333572026868587,0.0602364603188205
"2012-02-06",0.00386983888498382,0.172687997935682,0,0.433503514876911,0.333572026868587,0.0602364603188205
"2012-02-07",0.00350698710209874,0.172687997935682,0,0.433503514876911,0.333572026868587,0.0602364603188205
"2012-02-08",0.000463389134419678,0.172687997935682,0,0.433503514876911,0.333572026868587,0.0602364603188205
"2012-02-09",-0.00350813302692099,0.172687997935682,0,0.433503514876911,0.333572026868587,0.0602364603188205
"2012-02-10",0.00400961545537393,0.172687997935682,0,0.433503514876911,0.333572026868587,0.0602364603188205
"2012-02-13",-0.00036960260166008,0.172687997935682,0,0.433503514876911,0.333572026868587,0.0602364603188205
"2012-02-14",0.00369966793331455,0.172687997935682,0,0.433503514876911,0.333572026868587,0.0602364603188205
"2012-02-15",0.00318352992077897,0.172687997935682,0,0.433503514876911,0.333572026868587,0.0602364603188205
"2012-02-16",0.000164407729391858,0.172687997935682,0,0.433503514876911,0.333572026868587,0.0602364603188205
"2012-02-17",0.0114597546877022,0.172687997935682,0,0.433503514876911,0.333572026868587,0.0602364603188205
"2012-02-21",0.00639709748137252,0.172687997935682,0,0.433503514876911,0.333572026868587,0.0602364603188205
"2012-02-22",0.00253592506408018,0.172687997935682,0,0.433503514876911,0.333572026868587,0.0602364603188205
"2012-02-23",0.00197474564773037,0.172687997935682,0,0.433503514876911,0.333572026868587,0.0602364603188205
"2012-02-24",-0.00122388248082295,0.172687997935682,0,0.433503514876911,0.333572026868587,0.0602364603188205
"2012-02-27",0.00492988849909604,0.172687997935682,0,0.433503514876911,0.333572026868587,0.0602364603188205
"2012-02-28",-0.0243650817371642,0.172687997935682,0,0.433503514876911,0.333572026868587,0.0602364603188205
"2012-02-29",0.00674774151410995,0.172687997935682,0,0.433503514876911,0.333572026868587,0.0602364603188205
"2012-03-01",0.00219955506993208,0.199144240454156,0,0.478978276096069,0.321877483449775,0
"2012-03-02",-0.00240742908514358,0.199144240454156,0,0.478978276096069,0.321877483449775,0
"2012-03-05",-0.0161515776373231,0.199144240454156,0,0.478978276096069,0.321877483449775,0
"2012-03-06",0.00300286640210801,0.199144240454156,0,0.478978276096069,0.321877483449775,0
"2012-03-07",0.0107524273151403,0.199144240454156,0,0.478978276096069,0.321877483449775,0
"2012-03-08",0.00790186572540574,0.199144240454156,0,0.478978276096069,0.321877483449775,0
"2012-03-09",-0.00233744077060349,0.199144240454156,0,0.478978276096069,0.321877483449775,0
"2012-03-12",0.0062613567737213,0.199144240454156,0,0.478978276096069,0.321877483449775,0
"2012-03-13",-0.0238390812797689,0.199144240454156,0,0.478978276096069,0.321877483449775,0
"2012-03-14",0.0043440593548143,0.199144240454156,0,0.478978276096069,0.321877483449775,0
"2012-03-15",0.00456166149964066,0.199144240454156,0,0.478978276096069,0.321877483449775,0
"2012-03-16",0.00687138585670111,0.199144240454156,0,0.478978276096069,0.321877483449775,0
"2012-03-19",-0.00992881274574986,0.199144240454156,0,0.478978276096069,0.321877483449775,0
"2012-03-20",-0.000421461298790837,0.199144240454156,0,0.478978276096069,0.321877483449775,0
"2012-03-21",-0.00473606386112979,0.199144240454156,0,0.478978276096069,0.321877483449775,0
"2012-03-22",0.00245741465721072,0.199144240454156,0,0.478978276096069,0.321877483449775,0
"2012-03-23",0.0119247378208147,0.199144240454156,0,0.478978276096069,0.321877483449775,0
"2012-03-26",-0.00390321247426662,0.199144240454156,0,0.478978276096069,0.321877483449775,0
"2012-03-27",-0.0152851839073225,0.199144240454156,0,0.478978276096069,0.321877483449775,0
"2012-03-28",-0.00476282180565812,0.199144240454156,0,0.478978276096069,0.321877483449775,0
"2012-03-29",0.00254971401040804,0.199144240454156,0,0.478978276096069,0.321877483449775,0
"2012-03-30",-0.00651190372139476,0.199144240454156,0,0.478978276096069,0.321877483449775,0
"2012-04-05",0.0107823383765902,0.193614155442865,0,0.462880111868182,0.330448302354721,0.0130574303342332
"2012-04-18",-0.00267773747777367,0.193614155442865,0,0.462880111868182,0.330448302354721,0.0130574303342332
"2012-04-19",0.00207888714904758,0.193614155442865,0,0.462880111868182,0.330448302354721,0.0130574303342332
"2012-04-20",-0.00612870588133585,0.193614155442865,0,0.462880111868182,0.330448302354721,0.0130574303342332
"2012-04-23",0.000211513666560359,0.193614155442865,0,0.462880111868182,0.330448302354721,0.0130574303342332
"2012-04-24",0.00819311508989129,0.193614155442865,0,0.462880111868182,0.330448302354721,0.0130574303342332
"2012-04-25",0.00495928623063735,0.193614155442865,0,0.462880111868182,0.330448302354721,0.0130574303342332
"2012-04-26",0.000327603137209032,0.193614155442865,0,0.462880111868182,0.330448302354721,0.0130574303342332
"2012-04-27",0.000715347005297629,0.193614155442865,0,0.462880111868182,0.330448302354721,0.0130574303342332
"2012-05-02",-0.0066959113062427,0.276429720498997,0,0.559750889682585,0.163819389818418,0
"2012-05-03",-0.00905295030599662,0.276429720498997,0,0.559750889682585,0.163819389818418,0
"2012-05-08",-0.0117363103717049,0.276429720498997,0,0.559750889682585,0.163819389818418,0
"2012-05-09",-0.0136671493525043,0.276429720498997,0,0.559750889682585,0.163819389818418,0
"2012-05-14",-0.00639070747920867,0.276429720498997,0,0.559750889682585,0.163819389818418,0
"2012-05-15",-0.00524408726151493,0.276429720498997,0,0.559750889682585,0.163819389818418,0
"2012-05-16",0.0130061001866522,0.276429720498997,0,0.559750889682585,0.163819389818418,0
"2012-05-17",0.000747845487632848,0.276429720498997,0,0.559750889682585,0.163819389818418,0
"2012-05-18",0.00298022456232583,0.276429720498997,0,0.559750889682585,0.163819389818418,0
"2012-05-21",-0.00348089906624649,0.276429720498997,0,0.559750889682585,0.163819389818418,0
"2012-05-22",-0.00266301001848745,0.276429720498997,0,0.559750889682585,0.163819389818418,0
"2012-05-23",-0.00361294874758911,0.276429720498997,0,0.559750889682585,0.163819389818418,0
"2012-05-24",0.00205271280855723,0.276429720498997,0,0.559750889682585,0.163819389818418,0
"2012-05-25",0.00471096593919529,0.276429720498997,0,0.559750889682585,0.163819389818418,0
"2012-05-29",0.000254596664360562,0.276429720498997,0,0.559750889682585,0.163819389818418,0
"2012-05-30",-0.000558443067489645,0.276429720498997,0,0.559750889682585,0.163819389818418,0
"2012-05-31",0.0165659792391031,0.276429720498997,0,0.559750889682585,0.163819389818418,0
"2012-06-01",-0.00793973663755665,0.211786594710362,0,0.636939995812645,0.151273409476993,0
"2012-06-05",0.00376433600798665,0.211786594710362,0,0.636939995812645,0.151273409476993,0
"2012-06-06",-0.0127642947175959,0.211786594710362,0,0.636939995812645,0.151273409476993,0
"2012-06-07",0.00146384912761577,0.211786594710362,0,0.636939995812645,0.151273409476993,0
"2012-06-08",0.00254085452272634,0.211786594710362,0,0.636939995812645,0.151273409476993,0
"2012-06-11",0.00623049536645626,0.211786594710362,0,0.636939995812645,0.151273409476993,0
"2012-06-12",0.00533181514580683,0.211786594710362,0,0.636939995812645,0.151273409476993,0
"2012-06-13",0.00323431639425964,0.211786594710362,0,0.636939995812645,0.151273409476993,0
"2012-06-14",0.00295618734127201,0.211786594710362,0,0.636939995812645,0.151273409476993,0
"2012-06-15",0.00268410376900863,0.211786594710362,0,0.636939995812645,0.151273409476993,0
"2012-06-18",-0.00388536664365247,0.211786594710362,0,0.636939995812645,0.151273409476993,0
"2012-06-19",-0.00565141366891153,0.211786594710362,0,0.636939995812645,0.151273409476993,0
"2012-06-20",-0.0229481724435837,0.211786594710362,0,0.636939995812645,0.151273409476993,0
"2012-06-21",0.000496836413405699,0.211786594710362,0,0.636939995812645,0.151273409476993,0
"2012-06-25",-0.00409120601416058,0.211786594710362,0,0.636939995812645,0.151273409476993,0
"2012-06-26",0.00114299596392531,0.211786594710362,0,0.636939995812645,0.151273409476993,0
"2012-06-27",-0.0120155591322195,0.211786594710362,0,0.636939995812645,0.151273409476993,0
"2012-06-28",0.0273923374437328,0.211786594710362,0,0.636939995812645,0.151273409476993,0
"2012-06-29",-0.00218118000198142,0.211786594710362,0,0.636939995812645,0.151273409476993,0
"2012-07-05",-0.00783814864006049,0.138558148099745,0,0.743976074567862,0.117465777332393,0
"2012-07-06",-0.00292863870735494,0.138558148099745,0,0.743976074567862,0.117465777332393,0
"2012-07-09",-0.0107935032111892,0.138558148099745,0,0.743976074567862,0.117465777332393,0
"2012-07-10",0.00618186049837233,0.138558148099745,0,0.743976074567862,0.117465777332393,0
"2012-07-11",0.00689373535321702,0.138558148099745,0,0.743976074567862,0.117465777332393,0
"2012-07-13",-0.00576591847582453,0.138558148099745,0,0.743976074567862,0.117465777332393,0
"2012-07-17",-0.00229977257334746,0.138558148099745,0,0.743976074567862,0.117465777332393,0
"2012-07-18",0.0048475975637412,0.138558148099745,0,0.743976074567862,0.117465777332393,0
"2012-07-19",-0.00112225908261376,0.138558148099745,0,0.743976074567862,0.117465777332393,0
"2012-07-20",-0.00480940872675995,0.138558148099745,0,0.743976074567862,0.117465777332393,0
"2012-07-23",0.000374065336186113,0.138558148099745,0,0.743976074567862,0.117465777332393,0
"2012-07-24",0.0107429147133908,0.138558148099745,0,0.743976074567862,0.117465777332393,0
"2012-07-25",0.00562429554225208,0.138558148099745,0,0.743976074567862,0.117465777332393,0
"2012-07-26",0.0041742279885908,0.138558148099745,0,0.743976074567862,0.117465777332393,0
"2012-07-27",-0.000964685562225953,0.138558148099745,0,0.743976074567862,0.117465777332393,0
"2012-07-30",-0.00732227899799143,0.138558148099745,0,0.743976074567862,0.117465777332393,0
"2012-07-31",-0.00120483497208745,0.138558148099745,0,0.743976074567862,0.117465777332393,0
"2012-08-01",-0.00921818100479943,0.125018386689026,0,0.65955669981974,0.215424913491234,0
"2012-08-02",0.0143175342659296,0.125018386689026,0,0.65955669981974,0.215424913491234,0
"2012-08-03",0.00629842429018512,0.125018386689026,0,0.65955669981974,0.215424913491234,0
"2012-08-06",0.00201581944694129,0.125018386689026,0,0.65955669981974,0.215424913491234,0
"2012-08-07",-0.000506871949556564,0.125018386689026,0,0.65955669981974,0.215424913491234,0
"2012-08-08",0.00349082053268068,0.125018386689026,0,0.65955669981974,0.215424913491234,0
"2012-08-09",0.00168136769055538,0.125018386689026,0,0.65955669981974,0.215424913491234,0
"2012-08-10",-0.00715572913273688,0.125018386689026,0,0.65955669981974,0.215424913491234,0
"2012-08-13",-0.0031348684684086,0.125018386689026,0,0.65955669981974,0.215424913491234,0
"2012-08-14",-0.000254081582918175,0.125018386689026,0,0.65955669981974,0.215424913491234,0
"2012-08-15",0.00534968371757061,0.125018386689026,0,0.65955669981974,0.215424913491234,0
"2012-08-16",0.000931916940764665,0.125018386689026,0,0.65955669981974,0.215424913491234,0
"2012-08-17",0.00217621205093144,0.125018386689026,0,0.65955669981974,0.215424913491234,0
"2012-08-20",0.00755094496295317,0.125018386689026,0,0.65955669981974,0.215424913491234,0
"2012-08-21",0.00590096138887386,0.125018386689026,0,0.65955669981974,0.215424913491234,0
"2012-08-22",0.00542112093772484,0.125018386689026,0,0.65955669981974,0.215424913491234,0
"2012-08-23",-0.000355846153000328,0.125018386689026,0,0.65955669981974,0.215424913491234,0
"2012-08-24",-0.00566590874796691,0.125018386689026,0,0.65955669981974,0.215424913491234,0
"2012-08-27",0.0014689795388747,0.125018386689026,0,0.65955669981974,0.215424913491234,0
"2012-08-28",-0.00476400915057806,0.125018386689026,0,0.65955669981974,0.215424913491234,0
"2012-08-29",-0.00452359844343819,0.125018386689026,0,0.65955669981974,0.215424913491234,0
"2012-08-30",0.0155026581510866,0.125018386689026,0,0.65955669981974,0.215424913491234,0
"2012-08-31",0.00297901141942725,0.125018386689026,0,0.65955669981974,0.215424913491234,0
"2012-09-04",-0.000769600471367093,0.158168245328122,0,0.558142861657512,0.283688893014366,0
"2012-09-05",0.0104274018516233,0.158168245328122,0,0.558142861657512,0.283688893014366,0
"2012-09-06",0.0183595753972281,0.158168245328122,0,0.558142861657512,0.283688893014366,0
"2012-09-07",-0.00371154313430522,0.158168245328122,0,0.558142861657512,0.283688893014366,0
"2012-09-10",0.0022570995578326,0.158168245328122,0,0.558142861657512,0.283688893014366,0
"2012-09-11",0.00211242487757679,0.158168245328122,0,0.558142861657512,0.283688893014366,0
"2012-09-12",0.0136007951619022,0.158168245328122,0,0.558142861657512,0.283688893014366,0
"2012-09-13",0.00270572317779116,0.158168245328122,0,0.558142861657512,0.283688893014366,0
"2012-09-14",-0.00815972948710009,0.158168245328122,0,0.558142861657512,0.283688893014366,0
"2012-09-17",0.00163713829453371,0.158168245328122,0,0.558142861657512,0.283688893014366,0
"2012-09-18",0.00144626125227898,0.158168245328122,0,0.558142861657512,0.283688893014366,0
"2012-09-19",-0.00475670393140748,0.158168245328122,0,0.558142861657512,0.283688893014366,0
"2012-09-20",0.000209852462339066,0.158168245328122,0,0.558142861657512,0.283688893014366,0
"2012-09-21",-0.00193739570762752,0.158168245328122,0,0.558142861657512,0.283688893014366,0
"2012-09-24",-0.00522074544869777,0.158168245328122,0,0.558142861657512,0.283688893014366,0
"2012-09-25",-0.00849799493629855,0.158168245328122,0,0.558142861657512,0.283688893014366,0
"2012-09-26",0.0144107886754512,0.158168245328122,0,0.558142861657512,0.283688893014366,0
"2012-09-27",5.26651834831249e-05,0.158168245328122,0,0.558142861657512,0.283688893014366,0
"2012-09-28",0.00350687837170227,0.158168245328122,0,0.558142861657512,0.283688893014366,0
"2012-10-08",-0.00317530653725762,0.124847381918958,0,0.669723571412548,0.205429046668494,0
"2012-10-09",-0.00102239830780548,0.124847381918958,0,0.669723571412548,0.205429046668494,0
"2012-10-10",-0.000216250170883114,0.124847381918958,0,0.669723571412548,0.205429046668494,0
"2012-10-11",-0.00518298416131679,0.124847381918958,0,0.669723571412548,0.205429046668494,0
"2012-10-12",-0.00636072552886546,0.124847381918958,0,0.669723571412548,0.205429046668494,0
"2012-10-15",0.00669981702233868,0.124847381918958,0,0.669723571412548,0.205429046668494,0
"2012-10-16",0.00178844557065561,0.124847381918958,0,0.669723571412548,0.205429046668494,0
"2012-10-17",-0.00094492893625564,0.124847381918958,0,0.669723571412548,0.205429046668494,0
"2012-10-18",-0.0112884639968348,0.124847381918958,0,0.669723571412548,0.205429046668494,0
"2012-10-19",0.00147930584676925,0.124847381918958,0,0.669723571412548,0.205429046668494,0
"2012-10-22",-0.0139727788638769,0.124847381918958,0,0.669723571412548,0.205429046668494,0
"2012-10-24",0.00313356112672247,0.124847381918958,0,0.669723571412548,0.205429046668494,0
"2012-10-25",-0.00270039003785727,0.124847381918958,0,0.669723571412548,0.205429046668494,0
"2012-10-26",0.00299818789412631,0.124847381918958,0,0.669723571412548,0.205429046668494,0
"2012-10-31",0.00313283668412434,0.124847381918958,0,0.669723571412548,0.205429046668494,0
"2012-11-01",-0.0176690332536144,0.00642217158226754,0,0.740702534230415,0.221189788664307,0.0316855055230105
"2012-11-02",0.00272682728432305,0.00642217158226754,0,0.740702534230415,0.221189788664307,0.0316855055230105
"2012-11-05",0.0153687306568706,0.00642217158226754,0,0.740702534230415,0.221189788664307,0.0316855055230105
"2012-11-06",-0.00571792286064099,0.00642217158226754,0,0.740702534230415,0.221189788664307,0.0316855055230105
"2012-11-07",0.00156286349849122,0.00642217158226754,0,0.740702534230415,0.221189788664307,0.0316855055230105
"2012-11-08",0.00196996854837139,0.00642217158226754,0,0.740702534230415,0.221189788664307,0.0316855055230105
"2012-11-09",-0.000590968490996602,0.00642217158226754,0,0.740702534230415,0.221189788664307,0.0316855055230105
"2012-11-12",-0.00278422687222069,0.00642217158226754,0,0.740702534230415,0.221189788664307,0.0316855055230105
"2012-11-13",-0.0026659920821398,0.00642217158226754,0,0.740702534230415,0.221189788664307,0.0316855055230105
"2012-11-14",-0.00482168836407704,0.00642217158226754,0,0.740702534230415,0.221189788664307,0.0316855055230105
"2012-11-15",-0.000229608458590214,0.00642217158226754,0,0.740702534230415,0.221189788664307,0.0316855055230105
"2012-11-16",0.0120417831505442,0.00642217158226754,0,0.740702534230415,0.221189788664307,0.0316855055230105
"2012-11-19",-0.000785127963482402,0.00642217158226754,0,0.740702534230415,0.221189788664307,0.0316855055230105
"2012-11-20",0.000807370892806247,0.00642217158226754,0,0.740702534230415,0.221189788664307,0.0316855055230105
"2012-11-21",0.0133786488164607,0.00642217158226754,0,0.740702534230415,0.221189788664307,0.0316855055230105
"2012-11-23",-0.0012761187533995,0.00642217158226754,0,0.740702534230415,0.221189788664307,0.0316855055230105
"2012-11-26",-0.00475545502155517,0.00642217158226754,0,0.740702534230415,0.221189788664307,0.0316855055230105
"2012-11-27",-0.00770076645375306,0.00642217158226754,0,0.740702534230415,0.221189788664307,0.0316855055230105
"2012-11-28",0.00416674245557824,0.00642217158226754,0,0.740702534230415,0.221189788664307,0.0316855055230105
"2012-11-29",-0.00416993254144293,0.00642217158226754,0,0.740702534230415,0.221189788664307,0.0316855055230105
"2012-11-30",-0.00145164796080577,0.00642217158226754,0,0.740702534230415,0.221189788664307,0.0316855055230105
"2012-12-03",-0.00645193732509686,0.142233124504541,0,0.775676008854595,0.0820908666408639,0
"2012-12-04",0.00369336183137592,0.142233124504541,0,0.775676008854595,0.0820908666408639,0
"2012-12-05",0.00237646733748398,0.142233124504541,0,0.775676008854595,0.0820908666408639,0
"2012-12-06",0.00594967210650155,0.142233124504541,0,0.775676008854595,0.0820908666408639,0
"2012-12-07",0.00585603757420228,0.142233124504541,0,0.775676008854595,0.0820908666408639,0
"2012-12-10",-0.0010985298398104,0.142233124504541,0,0.775676008854595,0.0820908666408639,0
"2012-12-11",0.000576291721647637,0.142233124504541,0,0.775676008854595,0.0820908666408639,0
"2012-12-12",-0.00861197418375792,0.142233124504541,0,0.775676008854595,0.0820908666408639,0
"2012-12-13",0.0048716083712308,0.142233124504541,0,0.775676008854595,0.0820908666408639,0
"2012-12-14",0.00289541421740869,0.142233124504541,0,0.775676008854595,0.0820908666408639,0
"2012-12-17",-0.011626950032245,0.142233124504541,0,0.775676008854595,0.0820908666408639,0
"2012-12-18",-0.00199488207570209,0.142233124504541,0,0.775676008854595,0.0820908666408639,0
"2012-12-19",-0.00751868653582122,0.142233124504541,0,0.775676008854595,0.0820908666408639,0
"2012-12-20",0.00244693496818083,0.142233124504541,0,0.775676008854595,0.0820908666408639,0
"2012-12-21",0.00154523770528181,0.142233124504541,0,0.775676008854595,0.0820908666408639,0
"2012-12-24",0.00524823867197055,0.142233124504541,0,0.775676008854595,0.0820908666408639,0
"2012-12-27",-0.00183668877838994,0.142233124504541,0,0.775676008854595,0.0820908666408639,0
"2012-12-28",0.0104748892994109,0.142233124504541,0,0.775676008854595,0.0820908666408639,0
"2012-12-31",-0.00567462345229064,0.142233124504541,0,0.775676008854595,0.0820908666408639,0
"2013-01-04",-0.00334243260823053,0.178956934859721,0,0.758203918484067,0.0628391466562119,0
"2013-01-07",0.00848019272162692,0.178956934859721,0,0.758203918484067,0.0628391466562119,0
"2013-01-08",-0.00118445271908985,0.178956934859721,0,0.758203918484067,0.0628391466562119,0
"2013-01-09",0.00834470098365947,0.178956934859721,0,0.758203918484067,0.0628391466562119,0
"2013-01-10",-0.00862296132126272,0.178956934859721,0,0.758203918484067,0.0628391466562119,0
"2013-01-11",0.00706591100146259,0.178956934859721,0,0.758203918484067,0.0628391466562119,0
"2013-01-14",0.00933657466944227,0.178956934859721,0,0.758203918484067,0.0628391466562119,0
"2013-01-15",0.000954642290279528,0.178956934859721,0,0.758203918484067,0.0628391466562119,0
"2013-01-16",0.00139623965313551,0.178956934859721,0,0.758203918484067,0.0628391466562119,0
"2013-01-17",0.00184000945245866,0.178956934859721,0,0.758203918484067,0.0628391466562119,0
"2013-01-18",0.00263874130654806,0.178956934859721,0,0.758203918484067,0.0628391466562119,0
"2013-01-22",-0.00279940419441771,0.178956934859721,0,0.758203918484067,0.0628391466562119,0
"2013-01-23",-0.012151828331755,0.178956934859721,0,0.758203918484067,0.0628391466562119,0
"2013-01-24",-0.00400522941556181,0.178956934859721,0,0.758203918484067,0.0628391466562119,0
"2013-01-25",0.0026617101783819,0.178956934859721,0,0.758203918484067,0.0628391466562119,0
"2013-01-28",0.00504255580139423,0.178956934859721,0,0.758203918484067,0.0628391466562119,0
"2013-01-29",0.0095815756263089,0.178956934859721,0,0.758203918484067,0.0628391466562119,0
"2013-01-30",-0.00858358025463379,0.178956934859721,0,0.758203918484067,0.0628391466562119,0
"2013-01-31",0.00339616720706082,0.178956934859721,0,0.758203918484067,0.0628391466562119,0
"2013-02-01",0.0040177503082004,0,0,1,0,0
"2013-02-04",5.97260584502823e-05,0,0,1,0,0
"2013-02-05",0.00197085555280641,0,0,1,0,0
"2013-02-06",-0.00357632460009916,0,0,1,0,0
"2013-02-07",-0.00209367741151167,0,0,1,0,0
"2013-02-08",-0.0402229945689839,0,0,1,0,0
"2013-02-19",-0.0136780962196417,0,0,1,0,0
"2013-02-20",-0.00202634237772326,0,0,1,0,0
"2013-02-21",-0.00190355406305509,0,0,1,0,0
"2013-02-22",0.0123966941872744,0,0,1,0,0
"2013-02-25",-0.00219780170659079,0,0,1,0,0
"2013-02-26",0.00931403364490535,0,0,1,0,0
"2013-02-27",-0.0149644588696992,0,0,1,0,0
"2013-02-28",-0.00183567575047994,0,0,1,0,0
"2013-03-01",-0.00285370061110513,6.16297582203915e-33,0,1,0,0
"2013-03-04",0.00108115021345134,6.16297582203915e-33,0,1,0,0
"2013-03-05",0.00609872285850188,6.16297582203915e-33,0,1,0,0
"2013-03-06",-0.00543032120335607,6.16297582203915e-33,0,1,0,0
"2013-03-07",0.000825344809558537,6.16297582203915e-33,0,1,0,0
"2013-03-08",0.00164932752137004,6.16297582203915e-33,0,1,0,0
"2013-03-11",0.00797973371682192,6.16297582203915e-33,0,1,0,0
"2013-03-12",-0.00276451359653351,6.16297582203915e-33,0,1,0,0
"2013-03-13",0.000945060035721257,6.16297582203915e-33,0,1,0,0
"2013-03-14",0.00157361400313816,6.16297582203915e-33,0,1,0,0
"2013-03-15",0.00816993434380997,6.16297582203915e-33,0,1,0,0
"2013-03-18",0.00517391868700634,6.16297582203915e-33,0,1,0,0
"2013-03-19",-0.00434108511397435,6.16297582203915e-33,0,1,0,0
"2013-03-20",0.00386172517863592,6.16297582203915e-33,0,1,0,0
"2013-03-21",-0.00260594393974956,6.16297582203915e-33,0,1,0,0
"2013-03-22",-0.00155521030531569,6.16297582203915e-33,0,1,0,0
"2013-03-25",-0.00380062250696411,6.16297582203915e-33,0,1,0,0
"2013-03-26",0.00425292372971198,6.16297582203915e-33,0,1,0,0
"2013-03-27",-0.00548047560546294,6.16297582203915e-33,0,1,0,0
"2013-03-28",-0.00820339418701188,6.16297582203915e-33,0,1,0,0
"2013-04-02",-0.0163530747011409,0,0,1,0,0
"2013-04-03",0.00956415610558525,0,0,1,0,0
"2013-04-08",0.00750254380065529,0,0,1,0,0
"2013-04-09",-0.016155496894973,0,0,1,0,0
"2013-04-10",0.000962155614080418,0,0,1,0,0
"2013-04-11",-0.0540852296380263,0,0,1,0,0
"2013-04-12",-0.0687622787249204,0,0,1,0,0
"2013-04-15",0.0093117994582157,0,0,1,0,0
"2013-04-16",-0.00720772642372358,0,0,1,0,0
"2013-04-17",0.0083490636271244,0,0,1,0,0
"2013-04-18",0.00295197580390516,0,0,1,0,0
"2013-04-19",0.0234745160075325,0,0,1,0,0
"2013-04-22",-0.00876762306364498,0,0,1,0,0
"2013-04-23",0.00948202626260541,0,0,1,0,0
"2013-04-24",0.0196971827850436,0,0,1,0,0
"2013-04-25",0.00515570156669387,0,0,1,0,0
"2013-04-26",0.00287238487380503,0,0,1,0,0
"2013-05-02",0.0190654570189561,0.975202576426287,0,0,0.0247974235737132,0
"2013-05-03",0.0186598147107717,0.975202576426287,0,0,0.0247974235737132,0
"2013-05-06",0.00207762799774613,0.975202576426287,0,0,0.0247974235737132,0
"2013-05-07",0.0090668542746497,0.975202576426287,0,0,0.0247974235737132,0
"2013-05-08",0.000435429889736216,0.975202576426287,0,0,0.0247974235737132,0
"2013-05-09",0.00602019514197893,0.975202576426287,0,0,0.0247974235737132,0
"2013-05-10",0.00366216474661374,0.975202576426287,0,0,0.0247974235737132,0
"2013-05-13",-0.0110084827169735,0.975202576426287,0,0,0.0247974235737132,0
"2013-05-14",0.0132630500666269,0.975202576426287,0,0,0.0247974235737132,0
"2013-05-15",0.0103513557320878,0.975202576426287,0,0,0.0247974235737132,0
"2013-05-16",0.0275967366844425,0.975202576426287,0,0,0.0247974235737132,0
"2013-05-20",0.0129080007818443,0.975202576426287,0,0,0.0247974235737132,0
"2013-05-21",-0.00823687423341068,0.975202576426287,0,0,0.0247974235737132,0
"2013-05-22",-0.00828775393463677,0.975202576426287,0,0,0.0247974235737132,0
"2013-05-23",0.0151319328380071,0.975202576426287,0,0,0.0247974235737132,0
"2013-05-24",0.0119435122038198,0.975202576426287,0,0,0.0247974235737132,0
"2013-05-28",0.00709635750276139,0.975202576426287,0,0,0.0247974235737132,0
"2013-05-29",0.00231892495833685,0.975202576426287,0,0,0.0247974235737132,0
"2013-05-30",-0.00638746217624342,0.975202576426287,0,0,0.0247974235737132,0
"2013-05-31",-0.00663389473385267,0.975202576426287,0,0,0.0247974235737132,0
"2013-06-03",-0.00551078379391856,0,0,0,1,0
"2013-06-04",-0.0137797446440292,0,0,0,1,0
"2013-06-05",0.00849027234465471,0,0,0,1,0
"2013-06-06",0.0128315755139101,0,0,0,1,0
"2013-06-07",-0.00427168422620883,0,0,0,1,0
"2013-06-13",-0.00588501340228254,0,0,0,1,0
"2013-06-14",0.00756732877155897,0,0,0,1,0
"2013-06-17",0.00779114613274223,0,0,0,1,0
"2013-06-18",-0.0138514725815529,0,0,0,1,0
"2013-06-19",-0.0250102829243783,0,0,0,1,0
"2013-06-20",0.00266970595083893,0,0,0,1,0
"2013-06-21",-0.0121449609674305,0,0,0,1,0
"2013-06-24",0.00949723174057415,0,0,0,1,0
"2013-06-25",0.00959049871775286,0,0,0,1,0
"2013-06-26",0.00619986823547403,0,0,0,1,0
"2013-06-27",-0.00428961101500336,0,0,0,1,0
"2013-06-28",0.00485594072937889,0,0,0,1,0
"2013-07-02",0.000823999045463264,0,0,0,1,0
"2013-07-03",0.0102017441723536,0,0,0,1,0
"2013-07-05",0.00525157952760091,0,0,0,1,0
"2013-07-08",0.00722967884665837,0,0,0,1,0
"2013-07-09",0.000181563606413526,0,0,0,1,0
"2013-07-10",0.0135542346794089,0,0,0,1,0
"2013-07-11",0.00308653004684523,0,0,0,1,0
"2013-07-12",0.00137484468980764,0,0,0,1,0
"2013-07-15",-0.00370876612759585,0,0,0,1,0
"2013-07-16",0.00277403211206573,0,0,0,1,0
"2013-07-17",0.00503298795135065,0,0,0,1,0
"2013-07-18",0.00161006792308127,0,0,0,1,0
"2013-07-19",0.00203298845563826,0,0,0,1,0
"2013-07-22",-0.00185192808713619,0,0,0,1,0
"2013-07-23",-0.00381117785245455,0,0,0,1,0
"2013-07-24",0.0025564367729487,0,0,0,1,0
"2013-07-25",0.000828280119557157,0,0,0,1,0
"2013-07-26",-0.00373599710666672,0,0,0,1,0
"2013-07-29",0.000373813709011239,0,0,0,1,0
"2013-07-30",-0.000136420624006428,0,0,0,1,0
"2013-07-31",0.0125405613017895,0,0,0,1,0
"2013-08-01",0.00353861571401004,1,0,0,0,0
"2013-08-02",0.0166769965164228,1,0,0,0,0
"2013-08-05",0.0107389203547081,1,0,0,0,0
"2013-08-06",-0.0095838206014488,1,0,0,0,0
"2013-08-07",0.00264993173577666,1,0,0,0,0
"2013-08-08",0.00357474673411318,1,0,0,0,0
"2013-08-09",0.015878454063043,1,0,0,0,0
"2013-08-12",0.00526358799479265,1,0,0,0,0
"2013-08-13",-0.0382081151382087,1,0,0,0,0
"2013-08-16",0.0153839664207704,1,0,0,0,0
"2013-08-19",-0.00260180707918545,1,0,0,0,0
"2013-08-20",0.00773966258935599,1,0,0,0,0
"2013-08-21",0.00247277727462358,1,0,0,0,0
"2013-08-22",-0.00233743194848302,1,0,0,0,0
"2013-08-23",0.0208436121829945,1,0,0,0,0
"2013-08-26",0.00769793703023325,1,0,0,0,0
"2013-08-27",-0.00755070950812731,1,0,0,0,0
"2013-08-28",-0.000766754555880156,1,0,0,0,0
"2013-08-29",-0.00997816928262163,1,0,0,0,0
"2013-08-30",0.022029665927916,1,0,0,0,0
"2013-09-03",0.00472646583672232,1,0,0,0,0
"2013-09-05",0.00804237555853393,1,0,0,0,0
"2013-09-06",0.0103089253724682,1,0,0,0,0
"2013-09-09",0.0101750286714166,1,0,0,0,0
"2013-09-10",-0.00947061604124066,1,0,0,0,0
"2013-09-11",0.00281931808719382,1,0,0,0,0
"2013-09-12",0.00123534757118526,1,0,0,0,0
"2013-09-13",0.00114031390298419,1,0,0,0,0
"2013-09-16",-0.0176222884693876,1,0,0,0,0
"2013-09-17",0.00946308922136208,1,0,0,0,0
"2013-09-18",0.0202793216172907,1,0,0,0,0
"2013-09-23",0.000997530056710216,1,0,0,0,0
"2013-09-24",-0.0206890188609058,1,0,0,0,0
"2013-09-27",0.0131135618587279,1,0,0,0,0
"2013-09-30",0.0168298090705865,1,0,0,0,0
"2013-10-08",0.0109165148292008,1,0,0,0,0
"2013-10-09",-0.00538298850243613,1,0,0,0,0
"2013-10-10",0.0169940120957588,1,0,0,0,0
"2013-10-11",-9.933174115484e-05,1,0,0,0,0
"2013-10-22",-0.0254065543005972,1,0,0,0,0
"2013-10-23",-0.00664080978747428,1,0,0,0,0
"2013-10-24",-0.0195938594519994,1,0,0,0,0
"2013-10-25",-0.0308547328765808,1,0,0,0,0
"2013-10-29",0.0163586095073125,1,0,0,0,0
"2013-10-30",-0.0134468518186061,1,0,0,0,0
"2013-10-31",-0.00306422136401141,1,0,0,0,0
"2013-11-01",0.00695215291836315,1,0,0,2.46519032881566e-32,0
"2013-11-04",0.0131994341174686,1,0,0,2.46519032881566e-32,0
"2013-11-05",-0.0106660657863112,1,0,0,2.46519032881566e-32,0
"2013-11-06",-0.0139332272496664,1,0,0,2.46519032881566e-32,0
"2013-11-07",-0.0149523471670654,1,0,0,2.46519032881566e-32,0
"2013-11-08",0.00438023758799755,1,0,0,2.46519032881566e-32,0
"2013-11-11",0.0095176964725483,1,0,0,2.46519032881566e-32,0
"2013-11-12",-0.0186874752689398,1,0,0,2.46519032881566e-32,0
"2013-11-13",0.0133093010037655,1,0,0,2.46519032881566e-32,0
"2013-11-14",0.0209353981459319,1,0,0,2.46519032881566e-32,0
"2013-11-15",0.0244697514088932,1,0,0,2.46519032881566e-32,0
"2013-11-18",0.00326290258208073,1,0,0,2.46519032881566e-32,0
"2013-11-19",0.00994956185238638,1,0,0,2.46519032881566e-32,0
"2013-11-20",-0.00339557210860841,1,0,0,2.46519032881566e-32,0
"2013-11-21",-0.00585966362921775,1,0,0,2.46519032881566e-32,0
"2013-11-22",-0.000822324977865052,1,0,0,2.46519032881566e-32,0
"2013-11-25",0.00158349826856674,1,0,0,2.46519032881566e-32,0
"2013-11-26",0.0114596115748746,1,0,0,2.46519032881566e-32,0
"2013-11-27",0.0145587762540658,1,0,0,2.46519032881566e-32,0
"2013-11-29",-0.044473669789865,1,0,0,2.46519032881566e-32,0
"2013-12-02",0.0236258482527241,1,0,0,0,0
"2013-12-03",0.018922474969393,1,0,0,0,0
"2013-12-04",-0.00108822768386441,1,0,0,0,0
"2013-12-05",-0.00253008592994575,1,0,0,0,0
"2013-12-06",0.00737984763019117,1,0,0,0,0
"2013-12-09",0.000706740473819467,1,0,0,0,0
"2013-12-10",-0.0110644493806614,1,0,0,0,0
"2013-12-11",0.00260572599621356,1,0,0,0,0
"2013-12-12",0.00216239082023106,1,0,0,0,0
"2013-12-13",-0.0172490648068815,1,0,0,0,0
"2013-12-16",-0.00614093385633341,1,0,0,0,0
"2013-12-17",2.60914634941933e-06,1,0,0,0,0
"2013-12-18",-0.0101772543896238,1,0,0,0,0
"2013-12-19",-0.0126534254886994,1,0,0,0,0
"2013-12-20",-0.00113690958471713,1,0,0,0,0
"2013-12-23",0.00693609555039276,1,0,0,0,0
"2013-12-24",0.0085095659238521,1,0,0,0,0
"2013-12-27",0.00321776832974652,1,0,0,0,0
"2013-12-30",0.00422239709593919,1,0,0,0,0
"2013-12-31",0.00490454666046203,1,0,0,0,0
"2014-01-02",-0.00820191904643663,1,0,0,0,0
"2014-01-03",-0.0276234692114254,1,0,0,0,0
"2014-01-06",0.00613328258844392,1,0,0,0,0
"2014-01-07",0.00121864372003611,1,0,0,0,0
"2014-01-08",-0.0112861507278502,1,0,0,0,0
"2014-01-09",-0.0182331265441877,1,0,0,0,0
"2014-01-10",-0.00457748435911365,1,0,0,0,0
"2014-01-13",0.0197977856834357,1,0,0,0,0
"2014-01-14",0.00668109148555796,1,0,0,0,0
"2014-01-15",0.00166390712446041,1,0,0,0,0
"2014-01-16",-0.0114126182238401,1,0,0,0,0
"2014-01-17",0.00767718321999733,1,0,0,0,0
"2014-01-21",0.0267370422460163,1,0,0,0,0
"2014-01-22",0.00696228519088793,1,0,0,0,0
"2014-01-23",0.014947105666606,1,0,0,0,0
"2014-01-24",-0.000185439651650521,1,0,0,0,0
"2014-01-27",-0.00209688497438931,1,0,0,0,0
"2014-01-28",0.00894210111804061,1,0,0,0,0
"2014-01-29",-0.00589236147294248,1,0,0,0,0
"2014-01-30",0.0185951588359856,1,0,0,0,0
"2014-02-07",0.0295527421561779,1,0,0,0,0
"2014-02-10",0.00141117019422299,1,0,0,0,0
"2014-02-11",0.0110357375979264,1,0,0,0,0
"2014-02-12",-0.0147839851982775,1,0,0,0,0
"2014-02-13",0.0171586598314935,1,0,0,0,0
"2014-02-14",0.0177883772554206,1,0,0,0,0
"2014-02-18",6.89215243969699e-05,1,0,0,0,0
"2014-02-19",-0.0140019339612388,1,0,0,0,0
"2014-02-20",-0.00654363546940673,1,0,0,0,0
"2014-02-21",-0.00391322466756439,1,0,0,0,0
"2014-02-24",-0.0351576679960406,1,0,0,0,0
"2014-02-25",0.00657336708825573,1,0,0,0,0
"2014-02-26",-0.013228905860329,1,0,0,0,0
"2014-02-27",0.0104708578982728,1,0,0,0,0
"2014-02-28",0.0208429222200754,1,0,0,0,0
"2014-03-03",0.000189711032435591,1,0,0,0,0
"2014-03-04",-0.00536756324968857,1,0,0,0,0
"2014-03-05",-0.00124325736357278,1,0,0,0,0
"2014-03-06",-0.00503625362474325,1,0,0,0,0
"2014-03-07",-0.0379344288506179,1,0,0,0,0
"2014-03-10",0.0010413863368679,1,0,0,0,0
"2014-03-11",0.000362294333262625,1,0,0,0,0
"2014-03-12",0.0107329666369931,1,0,0,0,0
"2014-03-13",-0.00465044815768301,1,0,0,0,0
"2014-03-14",0.0201003862187339,1,0,0,0,0
"2014-03-17",0.00555814552381806,1,0,0,0,0
"2014-03-18",-0.0021382733534564,1,0,0,0,0
"2014-03-19",-0.0261488643551979,1,0,0,0,0
"2014-03-20",0.0195558973528165,1,0,0,0,0
"2014-03-21",0.00846829402273075,1,0,0,0,0
"2014-03-24",0.00132468323446311,1,0,0,0,0
"2014-03-25",0.0025957494422888,1,0,0,0,0
"2014-03-26",-0.0143596153384121,1,0,0,0,0
"2014-03-27",-0.0199668356061459,1,0,0,0,0
"2014-03-28",-0.00640314273751963,1,0,0,0,0
"2014-03-31",0.0153494042317557,1,0,0,0,0
"2014-04-01",0.00285332419379181,0,0,0,1,0
"2014-04-02",-0.0011264476522449,0,0,0,1,0
"2014-04-03",-0.0125372599181927,0,0,0,1,0
"2014-04-04",-0.00703987456708266,0,0,0,1,0
"2014-04-08",0.0109181624719936,0,0,0,1,0
"2014-04-09",-0.0208847444830071,0,0,0,1,0
"2014-04-10",-0.00948676511237423,0,0,0,1,0
"2014-04-11",0.00821726146250579,0,0,0,1,0
"2014-04-14",0.00675731063456309,0,0,0,1,0
"2014-04-15",0.010488447941134,0,0,0,1,0
"2014-04-16",0.00136389753267685,0,0,0,1,0
"2014-04-17",0.00788267161268896,0,0,0,1,0
"2014-04-22",-0.00221329562716344,0,0,0,1,0
"2014-04-23",0.0017169762690068,0,0,0,1,0
"2014-04-24",-0.00809641183468324,0,0,0,1,0
"2014-04-25",0.00323602023330349,0,0,0,1,0
"2014-04-28",0.00476080931995093,0,0,0,1,0
"2014-04-29",0.00299201948284322,0,0,0,1,0
"2014-04-30",0.000376867727559516,0,0,0,1,0
"2014-05-05",-0.00342236758116354,0,0,0,1,0
"2014-05-07",-0.00137364845331067,0,0,0,1,0
"2014-05-08",0.00151948957177228,0,0,0,1,0
"2014-05-09",0.00967271380584145,0,0,0,1,0
"2014-05-12",0.000421796054263845,0,0,0,1,0
"2014-05-13",-0.00470104572414998,0,0,0,1,0
"2014-05-14",-0.00936177882197886,0,0,0,1,0
"2014-05-15",0.00374695994956431,0,0,0,1,0
"2014-05-16",0.0038448022205626,0,0,0,1,0
"2014-05-19",-0.00649839777097039,0,0,0,1,0
"2014-05-20",0.00811605956148953,0,0,0,1,0
"2014-05-21",0.0023622503890397,0,0,0,1,0
"2014-05-22",0.00424837078282492,0,0,0,1,0
"2014-05-23",0.0102602964392087,0,0,0,1,0
"2014-05-27",-0.00533845875006045,0,0,0,1,0
"2014-05-28",0.00536711084993979,0,0,0,1,0
"2014-05-29",0.00184372086406825,0,0,0,1,0
"2014-05-30",0.000348310540747132,0,0,0,1,0
"2014-06-03",0.00189165627926347,0,0,0,1,0
"2014-06-04",0.00652530205281243,0,0,0,1,0
"2014-06-05",0.00462776881064242,0,0,0,1,0
"2014-06-06",0.000938731152842376,0,0,0,1,0
"2014-06-09",-0.000245993757939655,0,0,0,1,0
"2014-06-10",-0.00353702842556203,0,0,0,1,0
"2014-06-11",-0.00708887844654749,0,0,0,1,0
"2014-06-12",0.00313453613598558,0,0,0,1,0
"2014-06-13",0.000836707597739128,0,0,0,1,0
"2014-06-16",0.00217258948404453,0,0,0,1,0
"2014-06-17",0.00771888606986715,0,0,0,1,0
"2014-06-18",0.00127747914476473,0,0,0,1,0
"2014-06-19",0.00173005020803529,0,0,0,1,0
"2014-06-20",-0.000132458878579156,0,0,0,1,0
"2014-06-23",-0.00643530807348291,0,0,0,1,0
"2014-06-24",0.00489748614678587,0,0,0,1,0
"2014-06-25",-0.00117885426541564,0,0,0,1,0
"2014-06-26",0.00191087390009104,0,0,0,1,0
"2014-06-27",-0.000372267034911999,0,0,0,1,0
"2014-06-30",0.0128607360762056,0,0,0,1,0
"2014-07-03",-0.00141570396006074,0.949993569413037,0,0,0.0500064305869627,0
"2014-07-07",-0.00771569239112646,0.949993569413037,0,0,0.0500064305869627,0
"2014-07-09",-0.000254292335656547,0.949993569413037,0,0,0.0500064305869627,0
"2014-07-10",0.0114170857134928,0.949993569413037,0,0,0.0500064305869627,0
"2014-07-11",0.0146344422036166,0.949993569413037,0,0,0.0500064305869627,0
"2014-07-14",0.000439825757264645,0.949993569413037,0,0,0.0500064305869627,0
"2014-07-15",-0.00698256531581143,0.949993569413037,0,0,0.0500064305869627,0
"2014-07-16",-0.00776680057432999,0.949993569413037,0,0,0.0500064305869627,0
"2014-07-17",0.00312427260932147,0.949993569413037,0,0,0.0500064305869627,0
"2014-07-18",-0.00300183231522433,0.949993569413037,0,0,0.0500064305869627,0
"2014-07-21",0.0127555934132657,0.949993569413037,0,0,0.0500064305869627,0
"2014-07-22",-0.00600314731324891,0.949993569413037,0,0,0.0500064305869627,0
"2014-07-23",-0.000652296894953053,0.949993569413037,0,0,0.0500064305869627,0
"2014-07-24",0.00809469429364928,0.949993569413037,0,0,0.0500064305869627,0
"2014-07-25",0.0182649315968428,0.949993569413037,0,0,0.0500064305869627,0
"2014-07-28",0.00877356410418151,0.949993569413037,0,0,0.0500064305869627,0
"2014-07-29",0.00157889552117108,0.949993569413037,0,0,0.0500064305869627,0
"2014-07-30",0.00851147311709233,0.949993569413037,0,0,0.0500064305869627,0
"2014-07-31",-0.0105912428821472,0.949993569413037,0,0,0.0500064305869627,0
"2014-08-01",0.012881793934445,0.624768807220131,0,0,0.375231192779869,0
"2014-08-04",-0.000528582709043324,0.624768807220131,0,0,0.375231192779869,0
"2014-08-05",0.00414375044296555,0.624768807220131,0,0,0.375231192779869,0
"2014-08-06",-0.00822069258648761,0.624768807220131,0,0,0.375231192779869,0
"2014-08-07",0.0080600205250092,0.624768807220131,0,0,0.375231192779869,0
"2014-08-08",0.0105003283059049,0.624768807220131,0,0,0.375231192779869,0
"2014-08-11",0.00263889752819302,0.624768807220131,0,0,0.375231192779869,0
"2014-08-12",0.00280073901537592,0.624768807220131,0,0,0.375231192779869,0
"2014-08-13",-0.00238749693278928,0.624768807220131,0,0,0.375231192779869,0
"2014-08-14",0.00713963310647281,0.624768807220131,0,0,0.375231192779869,0
"2014-08-15",0.011661285599132,0.624768807220131,0,0,0.375231192779869,0
"2014-08-18",0.00374365545618094,0.624768807220131,0,0,0.375231192779869,0
"2014-08-19",0.000993655330871812,0.624768807220131,0,0,0.375231192779869,0
"2014-08-20",0.000834614226031816,0.624768807220131,0,0,0.375231192779869,0
"2014-08-21",0.00290883424898136,0.624768807220131,0,0,0.375231192779869,0
"2014-08-22",-0.00298553269736834,0.624768807220131,0,0,0.375231192779869,0
"2014-08-25",-0.0106817744860335,0.624768807220131,0,0,0.375231192779869,0
"2014-08-26",0.00194937410008134,0.624768807220131,0,0,0.375231192779869,0
"2014-08-27",-0.00624700405168443,0.624768807220131,0,0,0.375231192779869,0
"2014-08-28",0.00786080092731067,0.624768807220131,0,0,0.375231192779869,0
"2014-08-29",0.0207123377624194,0.624768807220131,0,0,0.375231192779869,0
"2014-09-02",0.00265155002793538,0.425161451173481,0,0.0241218142701017,0.550716734556418,0
"2014-09-03",0.00262568581305422,0.425161451173481,0,0.0241218142701017,0.550716734556418,0
"2014-09-04",0.0046163409694715,0.425161451173481,0,0.0241218142701017,0.550716734556418,0
"2014-09-05",0.000292007957058749,0.425161451173481,0,0.0241218142701017,0.550716734556418,0
"2014-09-10",-0.000134736901266086,0.425161451173481,0,0.0241218142701017,0.550716734556418,0
"2014-09-11",0.00118485027626014,0.425161451173481,0,0.0241218142701017,0.550716734556418,0
"2014-09-12",0.0042186417161072,0.425161451173481,0,0.0241218142701017,0.550716734556418,0
"2014-09-15",-0.0101627151735851,0.425161451173481,0,0.0241218142701017,0.550716734556418,0
"2014-09-16",0.00419169709390022,0.425161451173481,0,0.0241218142701017,0.550716734556418,0
"2014-09-17",0.00572349548498363,0.425161451173481,0,0.0241218142701017,0.550716734556418,0
"2014-09-18",0.00313864959004806,0.425161451173481,0,0.0241218142701017,0.550716734556418,0
"2014-09-19",-0.010205462603079,0.425161451173481,0,0.0241218142701017,0.550716734556418,0
"2014-09-22",0.00243554985530237,0.425161451173481,0,0.0241218142701017,0.550716734556418,0
"2014-09-23",0.00966556551316611,0.425161451173481,0,0.0241218142701017,0.550716734556418,0
"2014-09-24",-0.00888588601922213,0.425161451173481,0,0.0241218142701017,0.550716734556418,0
"2014-09-25",0.00601663413680265,0.425161451173481,0,0.0241218142701017,0.550716734556418,0
"2014-09-26",0.00269166288482148,0.425161451173481,0,0.0241218142701017,0.550716734556418,0
"2014-09-29",0.00171044228148132,0.425161451173481,0,0.0241218142701017,0.550716734556418,0
"2014-09-30",0.00599863434278314,0.425161451173481,0,0.0241218142701017,0.550716734556418,0
"2014-10-08",-0.010496904709227,0.407834274383509,0,0.0395973852848011,0.55256834033169,0
"2014-10-09",-0.00815215316123541,0.407834274383509,0,0.0395973852848011,0.55256834033169,0
"2014-10-10",-0.00857853461052005,0.407834274383509,0,0.0395973852848011,0.55256834033169,0
"2014-10-13",-0.0006430888146568,0.407834274383509,0,0.0395973852848011,0.55256834033169,0
"2014-10-14",-0.00241368780688,0.407834274383509,0,0.0395973852848011,0.55256834033169,0
"2014-10-15",-0.00665170152638006,0.407834274383509,0,0.0395973852848011,0.55256834033169,0
"2014-10-16",0.00331712880424817,0.407834274383509,0,0.0395973852848011,0.55256834033169,0
"2014-10-17",0.0110716445777823,0.407834274383509,0,0.0395973852848011,0.55256834033169,0
"2014-10-20",0.0071607657216346,0.407834274383509,0,0.0395973852848011,0.55256834033169,0
"2014-10-21",-0.00917698200795114,0.407834274383509,0,0.0395973852848011,0.55256834033169,0
"2014-10-22",0.000585563777802944,0.407834274383509,0,0.0395973852848011,0.55256834033169,0
"2014-10-23",0.00550698359694679,0.407834274383509,0,0.0395973852848011,0.55256834033169,0
"2014-10-24",0.00195726893709458,0.407834274383509,0,0.0395973852848011,0.55256834033169,0
"2014-10-27",0.0164733950890184,0.407834274383509,0,0.0395973852848011,0.55256834033169,0
"2014-10-28",0.00424297799198881,0.407834274383509,0,0.0395973852848011,0.55256834033169,0
"2014-10-29",0.0030962146818212,0.407834274383509,0,0.0395973852848011,0.55256834033169,0
"2014-10-30",0.00513296562999144,0.407834274383509,0,0.0395973852848011,0.55256834033169,0
"2014-10-31",0.00311563126343395,0.407834274383509,0,0.0395973852848011,0.55256834033169,0
"2014-11-03",-0.00322472987860623,0.390312839098308,0,0.0862738321070761,0.523413328794616,0
"2014-11-04",0.000274691581872988,0.390312839098308,0,0.0862738321070761,0.523413328794616,0
"2014-11-05",0.00437244822735017,0.390312839098308,0,0.0862738321070761,0.523413328794616,0
"2014-11-06",-0.000687282495256736,0.390312839098308,0,0.0862738321070761,0.523413328794616,0
"2014-11-07",0.00387927659102094,0.390312839098308,0,0.0862738321070761,0.523413328794616,0
"2014-11-10",-0.010388938052639,0.390312839098308,0,0.0862738321070761,0.523413328794616,0
"2014-11-11",0.00625249598985733,0.390312839098308,0,0.0862738321070761,0.523413328794616,0
"2014-11-12",-0.00316599097084314,0.390312839098308,0,0.0862738321070761,0.523413328794616,0
"2014-11-13",0.00110749888550066,0.390312839098308,0,0.0862738321070761,0.523413328794616,0
"2014-11-14",0.00417483996744195,0.390312839098308,0,0.0862738321070761,0.523413328794616,0
"2014-11-17",0.0040932285984252,0.390312839098308,0,0.0862738321070761,0.523413328794616,0
"2014-11-18",-0.000388470721414014,0.390312839098308,0,0.0862738321070761,0.523413328794616,0
"2014-11-19",0.00104156975489023,0.390312839098308,0,0.0862738321070761,0.523413328794616,0
"2014-11-20",0.00761656604686878,0.390312839098308,0,0.0862738321070761,0.523413328794616,0
"2014-11-21",0.00761663465898299,0.390312839098308,0,0.0862738321070761,0.523413328794616,0
"2014-11-24",0.00547675013032833,0.390312839098308,0,0.0862738321070761,0.523413328794616,0
"2014-11-25",0.00318530671356521,0.390312839098308,0,0.0862738321070761,0.523413328794616,0
"2014-11-26",-0.00133160667361709,0.390312839098308,0,0.0862738321070761,0.523413328794616,0
"2014-11-28",-0.00293329765489414,0.390312839098308,0,0.0862738321070761,0.523413328794616,0
"2014-12-01",0.00763938205603587,0.401088101234258,0,0.0845846524663917,0.51432724629935,0
"2014-12-02",0.0074180975387923,0.401088101234258,0,0.0845846524663917,0.51432724629935,0
"2014-12-03",0.00778976710415513,0.401088101234258,0,0.0845846524663917,0.51432724629935,0
"2014-12-04",-0.00888729048921111,0.401088101234258,0,0.0845846524663917,0.51432724629935,0
"2014-12-05",0.00297898242312211,0.401088101234258,0,0.0845846524663917,0.51432724629935,0
"2014-12-08",-0.014240029792886,0.401088101234258,0,0.0845846524663917,0.51432724629935,0
"2014-12-09",0.00495264656773409,0.401088101234258,0,0.0845846524663917,0.51432724629935,0
"2014-12-10",0.00847383320519546,0.401088101234258,0,0.0845846524663917,0.51432724629935,0
"2014-12-11",-0.0058747250099026,0.401088101234258,0,0.0845846524663917,0.51432724629935,0
"2014-12-12",0.00137969808505711,0.401088101234258,0,0.0845846524663917,0.51432724629935,0
"2014-12-15",-0.00260122220250314,0.401088101234258,0,0.0845846524663917,0.51432724629935,0
"2014-12-16",0.0065021842721027,0.401088101234258,0,0.0845846524663917,0.51432724629935,0
"2014-12-17",0.0130466810207859,0.401088101234258,0,0.0845846524663917,0.51432724629935,0
"2014-12-18",-0.000359180334070452,0.401088101234258,0,0.0845846524663917,0.51432724629935,0
"2014-12-19",-0.0151737460408184,0.401088101234258,0,0.0845846524663917,0.51432724629935,0
"2014-12-22",-0.00751634001751467,0.401088101234258,0,0.0845846524663917,0.51432724629935,0
"2014-12-23",0.00508619786114028,0.401088101234258,0,0.0845846524663917,0.51432724629935,0
"2014-12-24",0.0107245489739674,0.401088101234258,0,0.0845846524663917,0.51432724629935,0
"2014-12-29",-0.00818578947054927,0.401088101234258,0,0.0845846524663917,0.51432724629935,0
"2014-12-30",-0.00288738078814343,0.401088101234258,0,0.0845846524663917,0.51432724629935,0
"2014-12-31",-0.000900362663291743,0.401088101234258,0,0.0845846524663917,0.51432724629935,0
"2015-01-05",0.00244058069174447,0.427129082817758,0,0.124802087321667,0.448068829860575,0
"2015-01-06",0.00502482727058284,0.427129082817758,0,0.124802087321667,0.448068829860575,0
"2015-01-07",0.00434858354473056,0.427129082817758,0,0.124802087321667,0.448068829860575,0
"2015-01-08",-0.00501306317786154,0.427129082817758,0,0.124802087321667,0.448068829860575,0
"2015-01-09",-0.00867410097298171,0.427129082817758,0,0.124802087321667,0.448068829860575,0
"2015-01-12",0.00442879862208989,0.427129082817758,0,0.124802087321667,0.448068829860575,0
"2015-01-13",-0.00479040162307498,0.427129082817758,0,0.124802087321667,0.448068829860575,0
"2015-01-14",0.00476001290381878,0.427129082817758,0,0.124802087321667,0.448068829860575,0
"2015-01-15",0.012861755238867,0.427129082817758,0,0.124802087321667,0.448068829860575,0
"2015-01-16",-0.00115971093921474,0.427129082817758,0,0.124802087321667,0.448068829860575,0
"2015-01-20",0.0128577343692915,0.427129082817758,0,0.124802087321667,0.448068829860575,0
"2015-01-21",0.0137026502893898,0.427129082817758,0,0.124802087321667,0.448068829860575,0
"2015-01-22",-0.00749630874500873,0.427129082817758,0,0.124802087321667,0.448068829860575,0
"2015-01-23",0.00944652678449365,0.427129082817758,0,0.124802087321667,0.448068829860575,0
"2015-01-26",-0.00386556155019346,0.427129082817758,0,0.124802087321667,0.448068829860575,0
"2015-01-27",-0.00945318717750387,0.427129082817758,0,0.124802087321667,0.448068829860575,0
"2015-01-28",-0.000933919238588432,0.427129082817758,0,0.124802087321667,0.448068829860575,0
"2015-01-29",-0.00998006147517694,0.427129082817758,0,0.124802087321667,0.448068829860575,0
"2015-01-30",0.00461868506011687,0.427129082817758,0,0.124802087321667,0.448068829860575,0
"2015-02-02",0.0110392172829297,0.37921250476223,0,0.180299267515045,0.440488227722725,0
"2015-02-03",-0.00216398596370282,0.37921250476223,0,0.180299267515045,0.440488227722725,0
"2015-02-04",0.00195334986306128,0.37921250476223,0,0.180299267515045,0.440488227722725,0
"2015-02-05",-0.0140336571327976,0.37921250476223,0,0.180299267515045,0.440488227722725,0
"2015-02-06",-0.00312450106362405,0.37921250476223,0,0.180299267515045,0.440488227722725,0
"2015-02-09",0.0091913589779693,0.37921250476223,0,0.180299267515045,0.440488227722725,0
"2015-02-10",0.00188769689034629,0.37921250476223,0,0.180299267515045,0.440488227722725,0
"2015-02-11",0.00740982695592707,0.37921250476223,0,0.180299267515045,0.440488227722725,0
"2015-02-12",0.00857893746414007,0.37921250476223,0,0.180299267515045,0.440488227722725,0
"2015-02-13",0.00729499893603935,0.37921250476223,0,0.180299267515045,0.440488227722725,0
"2015-02-17",0.00170798431837693,0.37921250476223,0,0.180299267515045,0.440488227722725,0
"2015-02-25",0.00423468035419794,0.37921250476223,0,0.180299267515045,0.440488227722725,0
"2015-02-26",0.00246013526179412,0.37921250476223,0,0.180299267515045,0.440488227722725,0
"2015-02-27",0.00918404892622338,0.37921250476223,0,0.180299267515045,0.440488227722725,0
"2015-03-02",-0.00352660022620099,0.354551300169362,0,0.244475991908194,0.400972707922444,0
"2015-03-03",0.00290740631187925,0.354551300169362,0,0.244475991908194,0.400972707922444,0
"2015-03-04",-0.0001723462498463,0.354551300169362,0,0.244475991908194,0.400972707922444,0
"2015-03-05",-0.0160026468794406,0.354551300169362,0,0.244475991908194,0.400972707922444,0
"2015-03-06",0.00520276564291855,0.354551300169362,0,0.244475991908194,0.400972707922444,0
"2015-03-09",-0.00381735400247885,0.354551300169362,0,0.244475991908194,0.400972707922444,0
"2015-03-10",-0.00290650044961438,0.354551300169362,0,0.244475991908194,0.400972707922444,0
"2015-03-11",0.00465295582332614,0.354551300169362,0,0.244475991908194,0.400972707922444,0
"2015-03-12",0.00269523456831955,0.354551300169362,0,0.244475991908194,0.400972707922444,0
"2015-03-13",0.0156280344390931,0.354551300169362,0,0.244475991908194,0.400972707922444,0
"2015-03-16",0.00187407266320538,0.354551300169362,0,0.244475991908194,0.400972707922444,0
"2015-03-17",0.00819142286645791,0.354551300169362,0,0.244475991908194,0.400972707922444,0
"2015-03-18",0.00395738277302571,0.354551300169362,0,0.244475991908194,0.400972707922444,0
"2015-03-19",0.00717981982162352,0.354551300169362,0,0.244475991908194,0.400972707922444,0
"2015-03-20",0.00939462673869418,0.354551300169362,0,0.244475991908194,0.400972707922444,0
"2015-03-23",-0.000105477764604678,0.354551300169362,0,0.244475991908194,0.400972707922444,0
"2015-03-24",-0.00144139233897944,0.354551300169362,0,0.244475991908194,0.400972707922444,0
"2015-03-25",-0.000778678172599134,0.354551300169362,0,0.244475991908194,0.400972707922444,0
"2015-03-26",0.00472979544374708,0.354551300169362,0,0.244475991908194,0.400972707922444,0
"2015-03-27",0.00731227254196565,0.354551300169362,0,0.244475991908194,0.400972707922444,0
"2015-03-30",-0.00614503908709918,0.354551300169362,0,0.244475991908194,0.400972707922444,0
"2015-03-31",0.00783600442737531,0.354551300169362,0,0.244475991908194,0.400972707922444,0
"2015-04-01",0.0110408477772148,0.316435014356302,0,0.30529490248989,0.378270083153809,0
"2015-04-02",0.0146162154505067,0.316435014356302,0,0.30529490248989,0.378270083153809,0
"2015-04-07",-4.1301262364124e-05,0.316435014356302,0,0.30529490248989,0.378270083153809,0
"2015-04-08",-0.00518161071690892,0.316435014356302,0,0.30529490248989,0.378270083153809,0
"2015-04-09",0.0104871316239004,0.316435014356302,0,0.30529490248989,0.378270083153809,0
"2015-04-10",0.00818877068325352,0.316435014356302,0,0.30529490248989,0.378270083153809,0
"2015-04-13",-0.00213274285670217,0.316435014356302,0,0.30529490248989,0.378270083153809,0
"2015-04-14",-0.0116159498887419,0.316435014356302,0,0.30529490248989,0.378270083153809,0
"2015-04-15",0.00661527266595874,0.316435014356302,0,0.30529490248989,0.378270083153809,0
"2015-04-16",-0.00190232613961228,0.316435014356302,0,0.30529490248989,0.378270083153809,0
"2015-04-17",-0.000141373128719091,0.316435014356302,0,0.30529490248989,0.378270083153809,0
"2015-04-20",0.00713820905116869,0.316435014356302,0,0.30529490248989,0.378270083153809,0
"2015-04-21",0.0120312043249933,0.316435014356302,0,0.30529490248989,0.378270083153809,0
"2015-04-22",1.96297503121112e-05,0.316435014356302,0,0.30529490248989,0.378270083153809,0
"2015-04-23",0.00347974269595142,0.316435014356302,0,0.30529490248989,0.378270083153809,0
"2015-04-24",-0.00107123236707585,0.316435014356302,0,0.30529490248989,0.378270083153809,0
"2015-04-27",-0.00276239705540871,0.316435014356302,0,0.30529490248989,0.378270083153809,0
"2015-04-28",0.00590307666809187,0.316435014356302,0,0.30529490248989,0.378270083153809,0
"2015-04-29",-0.00373033966410419,0.316435014356302,0,0.30529490248989,0.378270083153809,0
"2015-04-30",0.00241554107888753,0.316435014356302,0,0.30529490248989,0.378270083153809,0
"2015-05-04",-0.0127802107388797,0.285252360367199,0,0.338577002284839,0.376170637347961,0
"2015-05-05",-0.00391703631819207,0.285252360367199,0,0.338577002284839,0.376170637347961,0
"2015-05-06",-0.0074212979210927,0.285252360367199,0,0.338577002284839,0.376170637347961,0
"2015-05-07",0.0159357872492167,0.285252360367199,0,0.338577002284839,0.376170637347961,0
"2015-05-08",0.00955195053346647,0.285252360367199,0,0.338577002284839,0.376170637347961,0
"2015-05-11",0.00470406558548997,0.285252360367199,0,0.338577002284839,0.376170637347961,0
"2015-05-12",0.0045802950108571,0.285252360367199,0,0.338577002284839,0.376170637347961,0
"2015-05-13",0.00870441865480331,0.285252360367199,0,0.338577002284839,0.376170637347961,0
"2015-05-14",-0.00122722193727109,0.285252360367199,0,0.338577002284839,0.376170637347961,0
"2015-05-15",0.00821566479703995,0.285252360367199,0,0.338577002284839,0.376170637347961,0
"2015-05-18",0.00423653062252649,0.285252360367199,0,0.338577002284839,0.376170637347961,0
"2015-05-19",0.000641702674080369,0.285252360367199,0,0.338577002284839,0.376170637347961,0
"2015-05-20",0.0121058933486888,0.285252360367199,0,0.338577002284839,0.376170637347961,0
"2015-05-21",0.00323174497153333,0.285252360367199,0,0.338577002284839,0.376170637347961,0
"2015-05-22",0.00994658863147579,0.285252360367199,0,0.338577002284839,0.376170637347961,0
"2015-05-26",0.00438799762747388,0.285252360367199,0,0.338577002284839,0.376170637347961,0
"2015-05-27",-0.0174760278311124,0.285252360367199,0,0.338577002284839,0.376170637347961,0
"2015-05-28",0.000820273754432055,0.285252360367199,0,0.338577002284839,0.376170637347961,0
"2015-05-29",0.0138553466473448,0.285252360367199,0,0.338577002284839,0.376170637347961,0
"2015-06-01",0.0125524585105858,0.322870664214532,0,0.293865324678393,0.383264011107076,0
"2015-06-02",0.00340948700974408,0.322870664214532,0,0.293865324678393,0.383264011107076,0
"2015-06-03",-0.00526561058731889,0.322870664214532,0,0.293865324678393,0.383264011107076,0
"2015-06-04",0.00356894302858324,0.322870664214532,0,0.293865324678393,0.383264011107076,0
"2015-06-05",-0.00589386612575149,0.322870664214532,0,0.293865324678393,0.383264011107076,0
"2015-06-08",0.000217023296717356,0.322870664214532,0,0.293865324678393,0.383264011107076,0
"2015-06-09",0.0121512634712229,0.322870664214532,0,0.293865324678393,0.383264011107076,0
"2015-06-10",0.00464385735602169,0.322870664214532,0,0.293865324678393,0.383264011107076,0
"2015-06-11",0.00257843858352191,0.322870664214532,0,0.293865324678393,0.383264011107076,0
"2015-06-12",-0.00734699878733747,0.322870664214532,0,0.293865324678393,0.383264011107076,0
"2015-06-15",-0.00949258899682837,0.322870664214532,0,0.293865324678393,0.383264011107076,0
"2015-06-16",0.00515154766982961,0.322870664214532,0,0.293865324678393,0.383264011107076,0
"2015-06-17",-0.00462874903574284,0.322870664214532,0,0.293865324678393,0.383264011107076,0
"2015-06-18",-0.0209598464642472,0.322870664214532,0,0.293865324678393,0.383264011107076,0
"2015-06-19",0.00151494532153218,0.322870664214532,0,0.293865324678393,0.383264011107076,0
"2015-06-23",0.000630754688745183,0.322870664214532,0,0.293865324678393,0.383264011107076,0
"2015-06-24",-0.0109507694715855,0.322870664214532,0,0.293865324678393,0.383264011107076,0
"2015-06-25",-0.0276886010785014,0.322870664214532,0,0.293865324678393,0.383264011107076,0
"2015-06-26",-0.028206142963121,0.322870664214532,0,0.293865324678393,0.383264011107076,0
"2015-06-29",0.015778181375766,0.322870664214532,0,0.293865324678393,0.383264011107076,0
"2015-06-30",-0.0153964893936513,0.322870664214532,0,0.293865324678393,0.383264011107076,0
"2015-07-01",-0.0242346970698428,0.346044319945106,0,0.208570891548205,0.445384788506688,0
"2015-07-02",-0.0246718801703404,0.346044319945106,0,0.208570891548205,0.445384788506688,0
"2015-07-06",-0.0192079420866815,0.346044319945106,0,0.208570891548205,0.445384788506688,0
"2015-07-07",-0.0191613503388171,0.346044319945106,0,0.208570891548205,0.445384788506688,0
"2015-07-08",0.0191617849896937,0.346044319945106,0,0.208570891548205,0.445384788506688,0
"2015-07-09",0.0224764355819631,0.346044319945106,0,0.208570891548205,0.445384788506688,0
"2015-07-10",0.0238981185523417,0.346044319945106,0,0.208570891548205,0.445384788506688,0
"2015-07-13",0.00672595332926873,0.346044319945106,0,0.208570891548205,0.445384788506688,0
"2015-07-14",-0.0182062630920493,0.346044319945106,0,0.208570891548205,0.445384788506688,0
"2015-07-15",0.00973775064129501,0.346044319945106,0,0.208570891548205,0.445384788506688,0
"2015-07-16",0.0182556125883369,0.346044319945106,0,0.208570891548205,0.445384788506688,0
"2015-07-17",0.00038703133221718,0.346044319945106,0,0.208570891548205,0.445384788506688,0
"2015-07-20",0.000826655654637021,0.346044319945106,0,0.208570891548205,0.445384788506688,0
"2015-07-21",0.000351995108685221,0.346044319945106,0,0.208570891548205,0.445384788506688,0
"2015-07-22",0.00830077345450708,0.346044319945106,0,0.208570891548205,0.445384788506688,0
"2015-07-23",-0.0116593527219198,0.346044319945106,0,0.208570891548205,0.445384788506688,0
"2015-07-24",-0.0238629931976967,0.346044319945106,0,0.208570891548205,0.445384788506688,0
"2015-07-27",-0.00274102124644104,0.346044319945106,0,0.208570891548205,0.445384788506688,0
"2015-07-28",0.0193126045292145,0.346044319945106,0,0.208570891548205,0.445384788506688,0
"2015-07-29",-0.0110418919277642,0.346044319945106,0,0.208570891548205,0.445384788506688,0
"2015-07-30",-0.00437700748572067,0.346044319945106,0,0.208570891548205,0.445384788506688,0
"2015-07-31",-0.00691344418640749,0.346044319945106,0,0.208570891548205,0.445384788506688,0
"2015-08-03",0.0137120331702236,0.310872026606638,0,0.272181138433934,0.416946834959429,0
"2015-08-04",-0.00301987350457789,0.310872026606638,0,0.272181138433934,0.416946834959429,0
"2015-08-05",-0.0047787673803773,0.310872026606638,0,0.272181138433934,0.416946834959429,0
"2015-08-06",0.00863934956306922,0.310872026606638,0,0.272181138433934,0.416946834959429,0
"2015-08-07",0.0208634567504469,0.310872026606638,0,0.272181138433934,0.416946834959429,0
"2015-08-10",0.0104750373549864,0.310872026606638,0,0.272181138433934,0.416946834959429,0
"2015-08-11",0.0122649810553763,0.310872026606638,0,0.272181138433934,0.416946834959429,0
"2015-08-12",0.0095055964440085,0.310872026606638,0,0.272181138433934,0.416946834959429,0
"2015-08-13",0,0.310872026606638,0,0.272181138433934,0.416946834959429,0
