"","open","high","low","close"
"1990-12-24",113.57,114.55,109.13,114.55
"1990-12-31",126.56,127.61,126.48,127.61
"1991-01-07",131.99,132.06,131.45,132.06
"1991-01-14",134.11,135.19,134.11,134.67
"1991-01-21",133.7,134.24,133.66,134.24
"1991-01-28",131.46,131.55,131.46,131.46
"1991-02-04",129.05,129.58,129.05,129.05
"1991-02-11",130.92,130.97,130.39,130.97
"1991-02-14",132.53,132.53,132.3,132.53
"1991-02-25",134.37,134.87,134.33,134.4
"1991-03-04",132.09,132.09,131.98,131.99
"1991-03-11",129.3,129.89,129.3,129.31
"1991-03-18",124.7,125.17,124.69,124.71
"1991-03-25",122.12,122.62,122.1,122.12
"1991-04-01",120.69,120.73,119.68,120.73
"1991-04-08",121.11,121.11,121.05,121.09
"1991-04-15",118.73,119.22,118.72,118.77
"1991-04-22",116.63,117.08,116.58,116.63
"1991-04-29",114.86,116.29,114.75,114.75
"1991-05-06",111.65,112.41,111.57,111.61
"1991-05-13",107.88,107.88,107.74,107.84
"1991-05-20",107.76,107.82,106.71,107.82
"1991-05-27",111.05,111.07,109.47,110.66
"1991-06-03",115.9,115.97,114.89,115.97
"1991-06-10",121.65,121.67,120.47,121.67
"1991-06-17",125.63,125.77,123.54,125.77
"1991-06-24",132.1,132.17,131.8,132.17
"1991-07-01",136.64,138.62,136.56,136.85
"1991-07-08",135.26,135.28,134.93,135.28
"1991-07-15",133.9,134.1,131.87,133.14
"1991-07-22",138.07,138.07,136.7,138.07
"1991-07-29",141.22,141.72,140.81,141.52
"1991-08-05",148.06,148.15,146.68,148.15
"1991-08-12",155.34,155.54,154.1,155.54
"1991-08-19",163.21,163.21,161.6,163.21
"1991-08-26",171.51,171.51,169.81,171.51
"1991-09-02",180.08,180.22,178.43,180.22
"1991-09-09",189.1,189.24,187.36,189.24
"1991-09-16",189.55,189.66,187.79,189.66
"1991-09-23",185,185.92,184.71,185
"1991-09-30",180.28,181.95,180.27,180.92
"1991-10-07",185.95,186,185.41,186
"1991-10-14",194.06,194.69,192.32,194.67
"1991-10-21",204.53,204.53,202.51,204.53
"1991-10-28",213.5,213.98,211.86,213.98
"1991-11-04",222.77,222.77,220.79,222.77
"1991-11-11",233.48,233.55,231.22,233.55
"1991-11-18",240.04,240.62,238.25,240.62
"1991-11-25",250.84,250.85,248.53,250.85
"1991-12-02",261.78,262.19,259.67,262.19
"1991-12-09",270.27,270.27,269.35,270.27
"1991-12-16",277.53,277.85,277,277.85
"1991-12-23",285.65,285.65,282.83,285.65
"1991-12-30",291.71,291.71,290.85,291.71
"1992-01-06",297.68,297.68,296.52,297.68
"1992-01-13",302.83,303.06,302,303.06
"1992-01-20",307.38,307.39,307.38,307.39
"1992-01-27",311.6,311.61,309.05,311.61
"1992-02-03",314.18,314.18,313.24,314.18
"1992-02-10",315.55,315.56,314.72,315.56
"1992-02-17",319.77,319.77,319.68,319.77
"1992-02-24",361.11,361.62,359.59,360.5
"1992-03-02",365.15,365.39,364.66,365.39
"1992-03-09",372.26,374.06,371.88,373.53
"1992-03-16",377,377.42,376.38,377.05
"1992-03-23",378.61,379.04,377.45,378.89
"1992-03-30",381.54,381.56,380.76,381.44
"1992-04-06",381.97,382.08,381.33,381.47
"1992-04-13",387.27,392.28,382.03,391.11
"1992-04-20",417.19,420.99,413.64,413.85
"1992-04-27",422.45,424.92,413.47,424.58
"1992-05-04",454.86,456.24,445.38,453.62
"1992-05-11",483.29,491.5,468.11,491.5
"1992-05-18",560.09,571.85,544.35,571.82
"1992-05-25",1411.98,1428.79,1339.99,1421.57
"1992-06-01",1175.69,1249.58,1129.28,1183.24
"1992-06-08",1092.07,1121.41,1085.19,1093.46
"1992-06-15",1174.41,1181.86,1152.69,1171.85
"1992-06-22",1173.68,1180.21,1165.74,1169.9
"1992-06-29",1168.89,1173.49,1156.68,1169.51
"1992-07-06",1197.76,1215.24,1190.27,1201.01
"1992-07-13",1156.83,1198.9,1131.21,1136.33
"1992-07-20",1100.6,1126.96,1094.81,1098.82
"1992-07-27",1169.42,1178.81,1108.05,1149.33
"1992-08-03",1034.7,1060.36,1026.83,1031.55
"1992-08-10",992.73,1006.64,956.55,964.09
"1992-08-17",898.66,940.76,858.38,939.46
"1992-08-24",888.95,920.85,881.33,884.1
"1992-08-31",833.5,848.4,823.02,823.27
"1992-09-07",745.69,788.15,700.79,702.83
"1992-09-14",762.82,793.36,714.93,734.98
"1992-09-21",740.97,760.13,730.3,733.44
"1992-09-28",724.45,729.79,721.19,724.7
"1992-10-05",676.47,702.32,668.9,679.62
"1992-10-12",687.45,713.77,661.99,690.57
"1992-10-19",643.8,667.46,632.4,632.4
"1992-10-26",539.5,561.5,504.81,506.94
"1992-11-02",471.18,508.81,465.55,477.61
"1992-11-09",439.81,459.04,424.68,428.61
"1992-11-16",402.02,415.64,397.63,399.32
"1992-11-23",404.05,410.57,401.82,410.39
"1992-11-30",682.08,727.13,637.67,724.6
"1992-12-07",765.87,803.12,757.34,793.25
"1992-12-14",741.06,748.19,668.07,705.07
"1992-12-21",709.87,731.68,697.7,731.68
"1992-12-28",764.43,772.29,756.89,757.31
"1993-01-04",784.13,816.64,777.16,814.04
"1993-01-11",913.44,977.42,901.47,977.42
"1993-01-18",1067.98,1078.03,1052.8,1055.32
"1993-01-22",1074.36,1109.59,1073.64,1100.31
"1993-02-01",1242.35,1278.5,1222.18,1278.5
"1993-02-08",1339.59,1393.34,1334.19,1393.17
"1993-02-15",1544.1,1544.1,1499.1,1536.82
"1993-02-22",1487.84,1527.13,1453.31,1456.29
"1993-03-01",1328.22,1339.1,1199.73,1199.73
"1993-03-08",1133.52,1325.49,1133.46,1209.65
"1993-03-15",1226.66,1241.04,1171.73,1171.73
"1993-03-22",1148.29,1179.05,1036.92,1036.92
"1993-03-29",1008.4,1047.88,961.49,970.45
"1993-04-05",945.58,947.9,924.49,947.87
"1993-04-12",1254.62,1276.41,1195.57,1203.54
"1993-04-19",1203.85,1241.86,1185.76,1223.22
"1993-04-26",1298.92,1345.73,1282.54,1345.61
"1993-05-03",1365.15,1380.5,1349.98,1352.24
"1993-05-10",1216.72,1221.98,1110.94,1128.29
"1993-05-17",1162.07,1162.07,1097.61,1140.04
"1993-05-24",1136.29,1143.97,1024.69,1026.13
"1993-05-31",975.05,980.03,930.64,935.48
"1993-06-07",1006.26,1068.84,982.03,1064.98
"1993-06-14",1046.07,1046.07,990.16,1000.43
"1993-06-21",1003.98,1003.98,967.74,977.61
"1993-06-28",1006.63,1010.52,983.97,1002.42
"1993-07-05",976.67,980.92,946.87,952.31
"1993-07-12",855.5,855.5,828.55,845.52
"1993-07-19",846.87,849.04,836.71,836.98
"1993-07-26",810.07,810.07,787.8,787.81
"1993-08-02",885.31,913.15,842.35,843.27
"1993-08-09",866.65,887.45,861.34,885.27
"1993-08-16",969.9,1023.87,967.35,1023.87
"1993-08-23",933.72,937.3,888.68,893.23
"1993-08-30",901.09,911.18,884.51,899.27
"1993-09-06",940.46,947.53,933.74,947.53
"1993-09-13",895.62,895.62,873.55,879.24
"1993-09-20",875.97,878.23,865.74,875
"1993-09-27",876.61,884.3,876.39,880.98
"1993-10-04",895.69,901.37,891.33,892.55
"1993-10-11",872.95,879.68,866.93,868.38
"1993-10-18",852.82,852.82,835.25,835.25
"1993-10-25",792.78,797.48,774.54,784.97
"1993-11-01",801.86,823.25,801.86,816.71
"1993-11-08",833.26,836.99,819.09,836.99
"1993-11-15",875.8,893.42,875.8,890.46
"1993-11-22",924.67,954.35,898.49,949.77
"1993-11-29",968.44,974.85,956.34,972.96
"1993-12-06",986.12,1004.01,979.72,995.72
"1993-12-13",982.38,982.38,947.83,950.77
"1993-12-20",823.77,836.04,750.46,783.79
"1993-12-27",841.49,843.97,837.83,839.9
"1994-01-03",837.7,840.65,831.66,833.9
"1994-01-10",891.99,900.3,889.73,900.3
"1994-01-17",861.34,868.88,856.5,859.28
"1994-01-24",830.16,839.2,824.42,839.2
"1994-01-31",781.54,781.74,760.78,770.25
"1994-02-04",784.06,797.88,782.34,797.86
"1994-02-14",813.95,818.57,779.09,779.91
"1994-02-21",769.94,769.94,752.62,754.41
"1994-02-28",785.82,795.2,770.98,770.98
"1994-03-07",718.35,718.79,714.05,718.4
"1994-03-14",774.77,788.42,751.2,788.42
"1994-03-21",755.86,757.55,731.05,731.62
"1994-03-28",702.42,709.19,696.52,702.23
"1994-04-04",698.19,700.21,692.51,694.38
"1994-04-11",668.85,670.27,657.1,659.05
"1994-04-18",619.51,619.53,597.73,604.15
"1994-04-25",566.63,572.39,555.76,560.8
"1994-04-29",598.35,610.95,585.77,592.56
"1994-05-09",587.94,588.38,576.94,581.7
"1994-05-16",597.12,597.12,588.48,592.57
"1994-05-23",594.52,597.15,586.39,587.65
"1994-05-30",565.63,565.87,543.19,544.26
"1994-06-06",549.03,549.66,540.99,542.97
"1994-06-13",505.54,505.68,491.61,492.03
"1994-06-20",523.37,531.11,500.46,502.43
"1994-06-27",483.45,483.9,471.03,472.1
"1994-07-04",446.23,446.86,438.12,438.58
"1994-07-11",436.54,436.54,427.08,428.15
"1994-07-18",405.61,406.64,397.47,398.96
"1994-07-25",357.4,375.39,354.5,375.39
"1994-08-01",394.87,448.91,377.97,445.64
"1994-08-08",720.48,754.67,671.67,711.8
"1994-08-15",671.1,691.22,654.22,665.88
"1994-08-22",680.07,697.55,668.72,681.8
"1994-08-29",716.87,717.95,706.52,710.68
"1994-09-05",871.16,940.76,868.15,940.61
"1994-09-12",996.68,1023.3,981.81,1019.97
"1994-09-19",944.25,970.06,925.83,927.62
"1994-09-26",856.17,884.27,844.32,880.6
"1994-09-30",811.83,835.5,789.64,791.15
"1994-10-10",678.02,727.47,665.74,698.93
"1994-10-17",617.9,633.16,615.5,616.34
"1994-10-24",741.05,785.95,734.93,785.85
"1994-10-31",648.24,665.1,642.86,654.98
"1994-11-07",649.14,678.45,648.68,674.67
"1994-11-14",731.63,739.56,725.53,733.39
"1994-11-21",695.75,703.59,693.94,699.1
"1994-11-28",683.83,683.94,677.96,681.49
"1994-12-05",674.54,675.42,662.72,663.13
"1994-12-12",636.35,636.35,620.47,620.47
"1994-12-19",684.62,685.47,653.31,653.37
"1994-12-26",684.81,689.13,674.9,675.88
"1994-12-30",648.04,651.35,643.06,647.87
"1995-01-09",637.52,637.55,625.04,625.97
"1995-01-16",591.06,591.32,584.88,588.81
"1995-01-23",564.86,565.04,553.11,553.44
"1995-01-27",552.95,564.51,552.93,562.59
"1995-02-06",559.78,559.84,532.91,533.72
"1995-02-13",537.95,550.26,537.05,548.84
"1995-02-20",534.57,540.86,534.51,534.96
"1995-02-27",584.02,591.43,559.04,561.27
"1995-03-06",585.24,616.76,582.55,616.3
"1995-03-13",596.64,597.18,583.38,586.23
"1995-03-20",597.84,604.96,585.15,585.45
"1995-03-27",618.47,631.7,618.47,629.36
"1995-04-03",651.04,660.61,647.43,656.88
"1995-04-10",678.74,681.15,665.11,667.39
"1995-04-17",640.17,642.82,628.44,631.26
"1995-04-24",627.39,630.26,618.13,619.73
"1995-04-28",577.43,582.02,572.32,579.93
"1995-05-08",573.12,575.1,568.7,571.51
"1995-05-15",583.19,583.4,578.6,582.04
"1995-05-22",919.75,926.41,870.79,897.42
"1995-05-29",719.64,724.01,698.77,710.59
"1995-06-05",718.14,718.41,691.01,691.64
"1995-06-12",696.65,702.17,690.4,698.72
"1995-06-19",637.58,641.69,634.81,638.96
"1995-06-26",650.91,654.78,647.81,653.4
"1995-07-03",623.14,623.19,612.92,613.18
"1995-07-10",669.06,669.06,660.05,666.24
"1995-07-17",651.95,700.77,651.67,695.45
"1995-07-24",699.84,716.22,699.84,709.92
"1995-07-31",699.61,702.44,692.48,695.55
"1995-08-07",708.27,718.54,707.37,718.08
"1995-08-14",759.12,788.16,752.98,776.13
"1995-08-21",752.06,755.44,735.12,739.06
"1995-08-28",724.1,728.68,722.53,725.62
"1995-09-04",731.42,737.94,728.99,737.89
"1995-09-11",756.68,775.45,755.62,775.45
"1995-09-18",757.99,758.18,751.31,757.4
"1995-09-25",730.01,730.01,717.43,723.35
"1995-09-29",711.91,722.43,711.91,722.43
"1995-10-09",717.99,717.99,704.41,706.29
"1995-10-16",702.13,706.4,696.79,701.34
"1995-10-23",729.76,729.97,718.44,723.09
"1995-10-30",722.86,724.57,719.24,722.78
"1995-11-06",729.04,736.15,728.99,736.15
"1995-11-13",705.89,705.92,686.43,688.7
"1995-11-20",671.8,677.11,668.63,674.74
"1995-11-27",658.08,658.32,644.56,645.03
"1995-12-04",632.72,635.73,632.24,634.92
"1995-12-11",636.82,639.29,618.08,619.26
"1995-12-18",600.65,600.65,591.51,592.14
"1995-12-25",590.76,590.76,579.26,580.03
"1995-12-29",555.74,561.61,552.84,555.29
"1996-01-08",533.33,540.04,527.91,539.17
"1996-01-15",545.05,551.91,543.83,551.04
"1996-01-22",520.95,521,514.16,516.46
"1996-01-29",526.2,530.17,525.49,529.14
"1996-02-05",537.23,537.27,522.48,522.85
"1996-02-12",523.57,524.06,523.57,523.85
"1996-02-16",537.13,553.83,537.13,552.94
"1996-03-04",583.38,601.98,572.91,601.98
"1996-03-11",574.19,575.47,565.53,568.12
"1996-03-18",561.81,568.02,561.09,567.87
"1996-03-25",570.77,572.75,569.37,570.24
"1996-04-01",566.21,573.95,561.95,566.19
"1996-04-08",583.63,587.6,578.32,581.38
"1996-04-15",585.95,587.92,583.32,584.67
"1996-04-22",624.93,627.65,613.94,613.97
"1996-04-29",722.57,739.29,710,738.62
"1996-05-06",648.23,672.85,648.23,671.28
"1996-05-13",665.49,672.76,663.68,666.1
"1996-05-20",719.19,725.16,699.37,703.08
"1996-05-27",639.51,642.11,635.02,637.96
"1996-06-03",643.96,652.52,636.46,641.09
"1996-06-10",740.11,764.63,736.99,764.39
"1996-06-17",779.71,780.35,750.04,752
"1996-06-24",797.87,799.03,789.09,793.34
"1996-07-01",800.91,801.05,755.32,761.12
"1996-07-08",794.13,807.89,790.09,807.34
"1996-07-15",794.88,796.25,780.15,789.16
"1996-07-22",871.48,887.07,870.22,884.94
"1996-07-29",846.19,855.5,837.2,855.42
"1996-08-05",846.03,853.2,838.6,853.19
"1996-08-12",880.13,894.86,880.13,886.05
"1996-08-19",852.34,852.35,834.85,835.21
"1996-08-26",789.15,800.53,770.85,773.07
"1996-09-02",812.94,813.57,803.13,804.78
"1996-09-09",798.6,799.98,791.63,793.59
"1996-09-16",779.85,784.48,771.8,778.29
"1996-09-23",812.94,852.04,812.31,851.99
"1996-09-27",861.62,875.53,855.75,875.53
"1996-10-07",866.07,869.87,852.83,864.66
"1996-10-14",919.7,943.55,919.7,940.79
"1996-10-21",943.03,964.44,943.03,964.39
"1996-10-28",1001.23,1026.84,1000.07,1022.86
"1996-11-04",931,947.88,929.73,945.12
"1996-11-11",923.37,933.97,922.2,933.97
"1996-11-18",952.73,1004.95,948.82,1004.69
"1996-11-25",948.59,976.55,938.81,976.55
"1996-12-02",1056.68,1134.9,1056.68,1134.52
"1996-12-09",1227.48,1250.56,1227.48,1247.66
"1996-12-16",1005.01,1005.12,999.63,1000.02
"1996-12-23",900.32,911.59,890.84,902.01
"1996-12-30",929.72,938.55,923.95,934.21
"1997-01-06",890.98,892.02,875.89,876.5
"1997-01-13",923.55,931.44,922.74,929.52
"1997-01-20",922.47,933.36,922.06,933.28
"1997-01-27",957.25,959.87,952.4,959.06
"1997-01-31",960.26,967.9,960.08,964.74
"1997-02-17",969.53,985.21,959.75,982.4
"1997-02-24",1028.35,1032.7,1004.62,1009.56
"1997-03-03",1044.61,1063.05,1043.93,1063.05
"1997-03-10",1085.91,1100.51,1085.89,1099.68
"1997-03-17",1138.28,1159.54,1138.28,1158.48
"1997-03-24",1186.95,1196.64,1181.33,1191.73
"1997-03-31",1210.02,1234.96,1210,1234.62
"1997-04-07",1259.59,1276.57,1252.75,1276.41
"1997-04-14",1293.98,1325.67,1293.98,1316.92
"1997-04-21",1355.56,1365.22,1350.8,1362.08
"1997-04-28",1372.26,1381.56,1346.26,1352
"1997-05-05",1398.14,1448.99,1398.05,1448.93
"1997-05-12",1490.78,1510.18,1486.45,1500.4
"1997-05-19",1330.79,1350.58,1316.13,1344.61
"1997-05-26",1268.59,1275.3,1213.24,1251.55
"1997-06-02",1302.82,1336.42,1302.16,1336.28
"1997-06-09",1275.25,1282.75,1255.67,1274.92
"1997-06-16",1255.77,1269.63,1255.77,1261.47
"1997-06-23",1313.24,1322.98,1265.18,1283.5
"1997-06-27",1287.92,1291.98,1246.93,1250.27
"1997-07-07",1161.71,1163.45,1085.57,1096.82
"1997-07-14",1163.29,1185.78,1158.45,1185.72
"1997-07-21",1215.84,1218.48,1188.88,1193.53
"1997-07-28",1167.81,1167.88,1138.48,1141.78
"1997-08-04",1196.25,1201.92,1188.68,1200.33
"1997-08-11",1206.46,1206.76,1182.45,1184.08
"1997-08-18",1139.61,1139.61,1116.15,1134.63
"1997-08-25",1175.44,1184.33,1175.38,1184.1
"1997-09-01",1224.18,1230.07,1219.1,1229.87
"1997-09-08",1253.15,1257.55,1245.74,1255.23
"1997-09-15",1205.9,1211.68,1175.95,1179.29
"1997-09-22",1184.49,1185.1,1102.62,1103.97
"1997-09-29",1106.34,1106.34,1079.34,1084.07
"1997-10-06",1100.7,1105.41,1091.15,1098.9
"1997-10-13",1136.43,1138.4,1117.39,1119.82
"1997-10-20",1183.74,1191.04,1173.56,1187.37
"1997-10-27",1183.65,1235.94,1183.65,1235.83
"1997-11-03",1181.16,1185.07,1176.55,1180.85
"1997-11-10",1199.37,1202.58,1178.63,1185.78
"1997-11-17",1210.68,1213.23,1190.43,1191.33
"1997-11-24",1150.42,1150.56,1122.94,1124.94
"1997-12-01",1137.59,1139.29,1130.45,1133.09
"1997-12-08",1140.55,1143.08,1136.58,1139.36
"1997-12-15",1155.72,1168.06,1155.6,1168.03
"1997-12-22",1162.68,1169.03,1153.44,1169.01
"1997-12-29",1196.3,1198.97,1185.66,1186.61
"1998-01-05",1200.95,1220.5,1200.22,1220.47
"1998-01-12",1242.21,1246.65,1226.4,1226.97
"1998-01-19",1215.41,1216.99,1205.48,1213.13
"1998-01-23",1206.5,1224.12,1206.45,1222.91
"1998-02-09",1258,1262.62,1244.43,1248.04
"1998-02-16",1246.8,1247.97,1230.92,1236.24
"1998-02-23",1217.86,1217.86,1195.89,1208.6
"1998-03-02",1196.74,1205.75,1182.61,1188.31
"1998-03-09",1207.96,1208.62,1197.57,1200.83
"1998-03-16",1186.19,1188.62,1179.44,1188.48
"1998-03-23",1186.56,1186.86,1178.04,1179.87
"1998-03-30",1230.94,1249.44,1228.3,1249.44
"1998-04-06",1291.61,1306.38,1286.43,1306.38
"1998-04-13",1319.95,1326.3,1311.83,1318.75
"1998-04-20",1292.16,1302.98,1286.59,1296.01
"1998-04-27",1314.35,1318.8,1303.48,1310.38
"1998-05-04",1353.06,1355.52,1345.36,1352.93
"1998-05-11",1367.24,1368.03,1351.59,1354.61
"1998-05-18",1373.67,1376.38,1360.47,1368.18
"1998-05-25",1380.13,1389.66,1376.2,1389.37
"1998-06-01",1418.35,1420.55,1411.06,1415.58
"1998-06-08",1411.96,1415.18,1401.06,1403.73
"1998-06-15",1385.33,1386.99,1359.88,1365.34
"1998-06-22",1400.47,1401.51,1392.06,1399.36
"1998-06-29",1387.02,1387.19,1356.22,1361.43
"1998-07-06",1339.26,1339.68,1313.28,1315.28
"1998-07-13",1362.69,1363,1352.16,1358.81
"1998-07-20",1311.06,1311.15,1278.3,1287.07
"1998-07-27",1328.34,1328.73,1314.73,1321.9
"1998-08-03",1315.14,1315.47,1299.93,1302.1
"1998-08-10",1262.01,1262.03,1227.47,1234.58
"1998-08-17",1152.67,1152.67,1068.66,1070.41
"1998-08-24",1178.55,1190.88,1166.14,1178.55
"1998-08-31",1117.97,1150.23,1072.42,1150.22
"1998-09-07",1168.37,1178.38,1163.21,1178.38
"1998-09-14",1219.32,1239.77,1214.44,1239.61
"1998-09-21",1199.17,1222.38,1193.82,1222.38
"1998-09-28",1224.27,1239.8,1217.65,1230.21
"1998-10-05",1245.74,1246.6,1231.4,1234.78
"1998-10-12",1239.56,1247.24,1227.86,1247.15
"1998-10-19",1255.05,1256.76,1240.45,1246.24
"1998-10-26",1215.56,1215.56,1195.24,1208.27
"1998-11-02",1217.34,1223.53,1210.85,1223.48
"1998-11-09",1263.96,1283.12,1263.96,1283.12
"1998-11-16",1284.34,1293.76,1281.6,1293.74
"1998-11-23",1275.9,1278.09,1269.1,1273.79
"1998-11-30",1244.92,1247.42,1238.14,1247.42
"1998-12-07",1234.76,1237.69,1207.76,1209.54
"1998-12-14",1214.6,1214.67,1194.66,1196.3
"1998-12-21",1153.66,1163.24,1150.39,1154.43
"1998-12-28",1175.63,1179,1157.7,1159.94
"1999-01-04",1144.89,1144.89,1124.21,1125.82
"1999-01-11",1169.91,1174.43,1158.54,1172.81
"1999-01-18",1135.09,1153.42,1126.71,1153.12
"1999-01-25",1161.98,1162.44,1146.97,1148.12
"1999-02-01",1131.65,1131.66,1118.55,1120.53
"1999-02-08",1076.82,1082.46,1064.17,1065.82
"1999-02-09",1065.91,1090.17,1065.91,1090.09
"1999-03-01",1092.15,1098.36,1084.16,1097.98
"1999-03-08",1133.51,1142.15,1128.39,1142.11
"1999-03-15",1161.49,1169.7,1159.15,1164.64
"1999-03-22",1175.68,1179.65,1168.34,1172.74
"1999-03-29",1160.58,1169.5,1158.09,1169.49
"1999-04-05",1188.93,1194.51,1187.06,1194.47
"1999-04-12",1205.32,1205.68,1193.66,1195.34
"1999-04-19",1164.62,1166.04,1156.61,1159.47
"1999-04-26",1139.65,1140.17,1112,1112.79
"1999-04-30",1116.11,1122.22,1114.18,1120.93
"1999-05-10",1107.37,1107.37,1065.18,1071.93
"1999-05-17",1057.49,1072.17,1047.83,1065.56
"1999-05-24",1173.13,1215.22,1164.9,1213.65
"1999-05-31",1287.07,1303.48,1253.25,1279.33
"1999-06-07",1287.46,1326.61,1285.15,1326.52
"1999-06-14",1382.53,1427.77,1382.53,1427.71
"1999-06-21",1506.83,1546.61,1503.4,1546.41
"1999-06-28",1606.28,1693.16,1606.28,1693.16
"1999-07-05",1627.25,1630.38,1573.73,1581.82
"1999-07-12",1588.38,1589.9,1545.56,1559.73
"1999-07-19",1500.45,1509.99,1473.23,1479.08
"1999-07-26",1592.41,1607.07,1587.38,1602.03
"1999-08-02",1607.06,1622.38,1603.37,1616.28
"1999-08-09",1650.28,1651.64,1624.72,1628.84
"1999-08-16",1568.9,1570.21,1546.84,1560.07
"1999-08-23",1631.44,1645,1626.95,1645
"1999-08-30",1635.55,1637.31,1614.45,1619.04
"1999-09-06",1577.51,1577.56,1556.83,1560.68
"1999-09-13",1664.51,1671.64,1656.17,1670.14
"1999-09-20",1649.12,1651.54,1628.89,1633.84
"1999-09-27",1624.46,1629.19,1598.71,1602.16
"1999-09-30",1588.99,1595.01,1567.72,1570.7
"1999-10-11",1529.22,1538.34,1516.62,1522.48
"1999-10-18",1547.27,1549.37,1499.46,1501.67
"1999-10-25",1499.14,1499.39,1465.14,1468.27
"1999-11-01",1501.74,1506.99,1488.23,1493.1
"1999-11-08",1464.49,1477.14,1458.65,1471.38
"1999-11-15",1451.55,1454.09,1436.68,1451.54
"1999-11-22",1468.22,1468.94,1457.61,1464.59
"1999-11-29",1444.01,1444.59,1432.96,1435.47
"1999-12-06",1436.8,1437.18,1422.73,1427
"1999-12-13",1429.19,1430.41,1415.29,1417.11
"1999-12-17",1434.63,1438.23,1416.74,1419.55
"1999-12-27",1353.53,1359.08,1341.05,1345.35
"1999-12-30",1357.82,1366.68,1357.82,1366.58
"2000-01-10",1531.71,1546.72,1506.4,1545.11
"2000-01-17",1408.99,1433.38,1402.66,1433.33
"2000-01-24",1465.86,1477.41,1449.47,1477.34
"2000-01-28",1514.56,1536.35,1510.75,1535
"2000-02-14",1591.45,1674.13,1587.82,1673.94
"2000-02-21",1681.36,1697.01,1652.48,1677.14
"2000-02-28",1639.8,1704.88,1639.7,1704.86
"2000-03-06",1756.31,1762.83,1678.74,1681.09
"2000-03-13",1706.77,1729.01,1706.35,1728.88
"2000-03-20",1646.31,1699.28,1641.77,1699.25
"2000-03-27",1736.7,1776.02,1736.7,1775.91
"2000-04-03",1799.58,1816.86,1798.25,1801
"2000-04-10",1826.61,1831.85,1815.99,1826.06
"2000-04-17",1829.62,1829.93,1778.88,1795.06
"2000-04-24",1844.7,1848.97,1827.17,1837.4
"2000-04-28",1805.5,1836.33,1797.71,1836.32
"2000-05-08",1848.17,1852.9,1828.1,1836.64
"2000-05-15",1722.64,1726.72,1695.53,1704.59
"2000-05-22",1785.89,1830.93,1783.3,1824.74
"2000-05-29",1885.55,1900.67,1882.74,1898.75
"2000-06-05",1921.97,1930.34,1889.82,1899.09
"2000-06-12",1896.43,1912.59,1884.62,1912.56
"2000-06-19",1924.69,1926.98,1910.47,1915.21
"2000-06-26",1946.7,1953.34,1943.25,1948.64
"2000-07-03",1917.44,1917.45,1890.53,1895.64
"2000-07-10",1938.84,1948.06,1932.96,1948.02
"2000-07-17",1992.89,1997.94,1980.22,1982.48
"2000-07-24",1998.25,1999.9,1982.88,1989.24
"2000-07-31",2016.14,2023.57,2008.64,2023.54
"2000-08-07",2025.18,2039.42,2017.9,2039.42
"2000-08-14",2065.94,2076.33,2065.94,2076.3
"2000-08-21",2095.38,2108.88,2093.42,2108.69
"2000-08-28",2092.12,2100.7,2085.6,2100.58
"2000-09-04",1994.89,2010.6,1981.23,2010.6
"2000-09-11",1963.27,1972.08,1956.08,1972.04
"2000-09-18",1979.53,1981.13,1946.18,1946.75
"2000-09-25",1889.9,1896.72,1874.21,1875.91
"2000-09-29",1888.2,1910.49,1888.07,1910.16
"2000-10-09",1912.08,1915.5,1897.24,1915.35
"2000-10-16",1917.45,1917.56,1897.91,1902.81
"2000-10-23",1952.96,1960.86,1945.67,1958.94
"2000-10-30",1967.65,1974.24,1962.81,1973.58
"2000-11-06",1983.07,1992.88,1982.75,1991.17
"2000-11-13",2054.48,2071.69,2053.44,2070.79
"2000-11-20",2092.59,2101.4,2078.28,2101.39
"2000-11-27",2041.16,2062.81,2031.93,2049.67
"2000-12-04",2084.48,2092.32,2077.81,2092.14
"2000-12-11",2072.28,2072.48,2039,2046.08
"2000-12-18",2038.45,2044.56,2024.29,2044.55
"2000-12-25",2071.57,2075.21,2062.04,2068.17
"2000-12-29",2055.83,2073.88,2055.5,2073.48
"2001-01-08",2128.6,2131.98,2092.1,2102.06
"2001-01-15",2097.09,2097.09,2030.29,2032.44
"2001-01-19",2046.58,2067.88,2046.54,2065.61
"2001-02-05",2069.86,2072.55,2005.68,2008.03
"2001-02-12",1958.66,1961.81,1935.59,1961.22
"2001-02-19",1942.58,1969.35,1935.65,1967.55
"2001-02-26",1940.77,1953.77,1935.55,1953.34
"2001-03-05",1991.28,1993.81,1979.65,1984.2
"2001-03-12",2013.31,2015.6,2004.96,2012.55
"2001-03-19",2019.85,2036.63,2017.49,2036.62
"2001-03-26",2052.05,2089.99,2052.05,2089.88
"2001-04-02",2117.45,2126.97,2114.78,2125.08
"2001-04-09",2108.97,2117.41,2100.97,2117.37
"2001-04-16",2150.29,2168.08,2150.29,2168.06
"2001-04-23",2150.34,2157.51,2132.55,2150.43
"2001-04-30",2117.17,2122.5,2111.95,2119.18
"2001-05-14",2161.61,2178.7,2160.12,2178.47
"2001-05-21",2207.78,2213.75,2202.74,2213.59
"2001-05-28",2194.45,2194.83,2171.68,2179.7
"2001-06-04",2223.91,2229.05,2222.23,2226.78
"2001-06-11",2223.79,2226.61,2206.64,2214.62
"2001-06-18",2211.89,2214.1,2157.12,2167.65
"2001-06-25",2210.07,2230.22,2210.04,2230.2
"2001-07-02",2220.42,2223.21,2201.59,2205.99
"2001-07-09",2169.47,2175.17,2164.01,2169.65
"2001-07-16",2176.34,2183.52,2142.08,2146.24
"2001-07-23",2183.74,2185.86,2166.33,2169.01
"2001-07-30",2056.76,2056.77,1955.97,1956.8
"2001-08-06",1953.41,1953.45,1867.86,1882.13
"2001-08-13",1956.93,1963.14,1942.07,1955.1
"2001-08-20",1923.1,1937.16,1917.1,1934.49
"2001-08-27",1881.31,1881.31,1824.88,1827.25
"2001-09-03",1831.7,1831.8,1813.37,1817.19
"2001-09-10",1790.21,1858.2,1774.83,1856.53
"2001-09-17",1811.9,1816.26,1782.5,1784.61
"2001-09-24",1804.89,1808.7,1791.62,1794.96
"2001-09-28",1766.13,1774.3,1751.72,1764.87
"2001-10-08",1766.13,1773.8,1723.04,1726.53
"2001-10-15",1692.17,1703.59,1670.27,1687.28
"2001-10-22",1558.47,1563.4,1514.86,1520.67
"2001-10-29",1678.73,1701.12,1678.73,1700.48
"2001-11-05",1687.84,1688.31,1671.23,1679.57
"2001-11-12",1631.8,1637.33,1619.11,1621.2
"2001-11-19",1645.09,1669.99,1644.82,1669.89
"2001-11-26",1710.13,1710.13,1696,1705.89
"2001-12-03",1751.05,1767.44,1750.92,1762.56
"2001-12-10",1743.63,1748.97,1730.81,1748.68
"2001-12-17",1673.24,1680.84,1662.68,1665.94
"2001-12-24",1639.52,1640.14,1601.24,1606.1
"2001-12-31",1641.43,1649.8,1638.32,1645.97
"2002-01-07",1605.74,1605.74,1584.66,1596.76
"2002-01-14",1519.93,1519.93,1484.46,1485.11
"2002-01-21",1407,1412.21,1362.62,1366.97
"2002-01-28",1444.5,1448.6,1357.55,1359.55
"2002-02-04",1485.68,1513.67,1476.13,1511.33
"2002-02-08",1520.72,1530.13,1506.07,1506.62
"2002-02-25",1540.49,1544.57,1521.66,1530.28
"2002-03-04",1497.83,1527.4,1494.83,1526.8
"2002-03-11",1643.59,1664.52,1632.62,1664.09
"2002-03-18",1641.43,1657.68,1610.99,1623.88
"2002-03-25",1667.85,1677.05,1663.4,1675.29
"2002-04-01",1598.03,1609.92,1589.41,1608.51
"2002-04-08",1633.83,1643.68,1631.07,1640.65
"2002-04-15",1660.57,1664.52,1638.64,1649.5
"2002-04-22",1633.64,1637.19,1619.16,1627.48
"2002-04-29",1643.55,1667.16,1640.56,1665.81
"2002-04-30",1668.31,1673.75,1657.82,1667.75
"2002-05-13",1634.9,1634.92,1618.46,1623.94
"2002-05-20",1564.97,1564.98,1529.35,1541.53
"2002-05-27",1555.04,1562.63,1545.62,1555.05
"2002-06-03",1510.25,1510.26,1480.09,1483.35
"2002-06-10",1529.34,1529.38,1511.26,1517.23
"2002-06-17",1489.14,1496.84,1481.25,1496.24
"2002-06-24",1704.7,1709.07,1647.5,1707.31
"2002-07-01",1736.29,1740.38,1712.77,1713.71
"2002-07-08",1723.58,1737.86,1721.12,1732.93
"2002-07-15",1696.81,1697.38,1685.54,1687.95
"2002-07-22",1712.02,1712.33,1678.5,1681.01
"2002-07-29",1654.93,1665.96,1647.27,1665.67
"2002-08-05",1661.4,1661.58,1652.4,1653.96
"2002-08-12",1642.48,1642.59,1633.09,1634.57
"2002-08-19",1645.93,1650.09,1641.4,1644.3
"2002-08-26",1682.14,1682.32,1668.82,1670.69
"2002-09-02",1666.34,1669.91,1663.17,1668.77
"2002-09-09",1628.45,1628.45,1617.01,1621.58
"2002-09-16",1624.13,1624.14,1598.74,1604.08
"2002-09-23",1602.28,1604.3,1597.29,1602.59
"2002-09-27",1587.24,1591.84,1577.53,1581.62
"2002-10-14",1522.87,1532.63,1509.14,1531.68
"2002-10-21",1519.21,1525.26,1512.33,1524.93
"2002-10-28",1518.09,1518.6,1500.01,1502.72
"2002-11-04",1516.22,1532.23,1515.07,1531.84
"2002-11-11",1519.6,1526.13,1501.99,1504.4
"2002-11-18",1463.72,1468.33,1447.49,1451.29
"2002-11-25",1393.34,1403.51,1383.09,1398.44
"2002-12-02",1432.03,1432.03,1394.91,1395.68
"2002-12-09",1404.51,1410.79,1395.93,1400.87
"2002-12-16",1397.72,1409.94,1392.89,1408.52
"2002-12-23",1429.95,1439.85,1429.29,1430.2
"2002-12-30",1379.74,1379.75,1358.43,1366.36
"2003-01-06",1319.69,1334.89,1311.68,1334.68
"2003-01-13",1381.87,1391.19,1378.65,1386.31
"2003-01-20",1475.71,1482.94,1458.12,1482.68
"2003-01-27",1481.61,1500.38,1480.97,1496.16
"2003-01-29",1501.29,1508.59,1498.37,1499.82
"2003-02-10",1499.17,1499.64,1477.52,1480.17
"2003-02-17",1510.64,1514.64,1490.92,1496.52
"2003-02-24",1476.07,1488.07,1474.47,1481.94
"2003-03-03",1511.59,1525.7,1511.05,1525.48
"2003-03-10",1492.21,1496.16,1467.64,1468.92
"2003-03-17",1465.14,1469.53,1453.37,1469.27
"2003-03-24",1474.59,1477.97,1470.44,1477.77
"2003-03-31",1491.39,1511.22,1490.99,1510.58
"2003-04-07",1521.9,1530.37,1512.5,1515.13
"2003-04-14",1581.38,1616.65,1581.2,1616.07
"2003-04-21",1598.5,1598.58,1557.12,1571.71
"2003-04-28",1483.47,1538.59,1473.27,1537.69
"2003-04-30",1511.15,1539.57,1510.6,1521.44
"2003-05-12",1522.98,1536.89,1511.87,1531.87
"2003-05-19",1557.29,1563.11,1546.75,1555.45
"2003-05-26",1563.21,1574.39,1561.04,1569.51
"2003-06-02",1577.99,1578.87,1564.61,1576.53
"2003-06-09",1536.27,1548.14,1527.84,1530.22
"2003-06-16",1568.19,1569.55,1555.37,1559.71
"2003-06-23",1524.58,1524.91,1509.43,1511.37
"2003-06-30",1493.69,1500.97,1483.69,1486.02
"2003-07-07",1500.85,1503.81,1490.97,1501.48
"2003-07-14",1528.39,1529.33,1519.12,1521.41
"2003-07-21",1501.39,1504.71,1483.57,1495.89
"2003-07-28",1474.74,1474.74,1464.87,1470.39
"2003-08-04",1476.82,1494.42,1471.89,1494.37
"2003-08-11",1469.26,1474.72,1462.72,1474.41
"2003-08-18",1449.67,1451.67,1442.48,1445.09
"2003-08-25",1434.21,1434.21,1419.26,1422.18
"2003-09-01",1423.35,1450.04,1420.12,1449.82
"2003-09-08",1429.46,1429.56,1421.14,1425.73
"2003-09-15",1407.81,1416.08,1394.27,1397.54
"2003-09-22",1392.9,1395.07,1378.32,1381.44
"2003-09-29",1369.44,1369.48,1353.25,1355.34
"2003-09-30",1354.65,1371.07,1348.22,1367.16
"2003-10-13",1405.33,1411.88,1397.69,1399.66
"2003-10-20",1369.71,1370.49,1355.55,1359.5
"2003-10-27",1381.84,1383.6,1361.19,1369.46
"2003-11-03",1346.48,1367.34,1339.96,1364.06
"2003-11-10",1330.96,1340.87,1322.05,1340.1
"2003-11-17",1330.49,1333.41,1323.68,1328.1
"2003-11-24",1360.33,1404.25,1360.23,1404.01
"2003-12-01",1398.71,1432.82,1398.71,1432.7
"2003-12-08",1452.11,1459.48,1435.14,1436.66
"2003-12-15",1471.24,1474.67,1465.51,1470.36
"2003-12-22",1444.17,1493.54,1441.59,1492.96
"2003-12-29",1509.28,1512.98,1495.54,1496.43
"2004-01-05",1516.8,1568.82,1516.7,1568.35
"2004-01-12",1579.88,1619.09,1573.77,1618.52
"2004-01-16",1589.38,1604.76,1579.24,1600.43
"2004-02-02",1630.65,1650.29,1585.96,1623.88
"2004-02-09",1679.58,1703.77,1679.1,1703.53
"2004-02-16",1661.45,1697.26,1661.45,1696.83
"2004-02-23",1725.59,1730.28,1680.89,1681.65
"2004-03-01",1676.22,1690.07,1661.34,1689.76
"2004-03-08",1660.64,1665.73,1635.44,1637.14
"2004-03-15",1696.94,1738.98,1696.82,1736.22
"2004-03-22",1749.71,1760.08,1742.37,1755.69
"2004-03-29",1734.59,1740.31,1717.86,1719.67
"2004-04-05",1771.74,1774.12,1753.71,1766.48
"2004-04-12",1717.2,1729.62,1702.4,1722.99
"2004-04-19",1695.33,1698.69,1672.35,1675.89
"2004-04-26",1633.27,1644.5,1623.05,1635.5
"2004-04-30",1579.97,1599.56,1572.23,1595.59
"2004-05-10",1600.63,1603.07,1555.26,1560.22
"2004-05-17",1556.67,1562.39,1537.47,1539.96
"2004-05-24",1559.55,1562.33,1547.36,1550.35
"2004-05-31",1549.03,1556.79,1544.71,1555.91
"2004-06-07",1538.46,1538.5,1508.87,1517.15
"2004-06-14",1471.45,1471.45,1431.31,1438.74
"2004-06-21",1421.83,1434.2,1414.97,1433.47
"2004-06-28",1396.36,1397.52,1380.2,1385.18
"2004-07-05",1440.17,1444.93,1429.12,1444.59
"2004-07-12",1426.25,1426.25,1393.81,1397.15
"2004-07-19",1456.77,1465.84,1447.05,1457.54
"2004-07-26",1401.84,1401.88,1381.91,1387.67
"2004-08-02",1381.88,1383.08,1370.5,1373.22
"2004-08-09",1388.08,1397.59,1382.94,1395.85
"2004-08-16",1366.52,1369.87,1350.84,1354.51
"2004-08-23",1339.93,1339.94,1322.98,1325.41
"2004-08-30",1318.32,1322.23,1310.02,1319.41
"2004-09-06",1326.46,1326.87,1315.96,1321.47
"2004-09-13",1285.32,1285.32,1259.43,1260.32
"2004-09-20",1423.97,1463.79,1422.9,1463.22
"2004-09-27",1452.51,1466.4,1419.31,1427.4
"2004-09-30",1418.11,1420.05,1390.68,1396.7
"2004-10-11",1424.23,1437.57,1409.22,1413.15
"2004-10-18",1332.52,1341.78,1316.32,1335.39
"2004-10-25",1337.25,1346.88,1308.89,1311.15
"2004-11-01",1317.66,1323.1,1304.29,1305.29
"2004-11-08",1303.52,1307.62,1292.91,1304.23
"2004-11-15",1354.48,1370.62,1354.48,1370.05
"2004-11-22",1381.58,1387.34,1374.41,1383.02
"2004-11-29",1354.58,1354.58,1335.61,1337.43
"2004-12-06",1337.81,1342.83,1327.38,1339.64
"2004-12-13",1312.61,1314.4,1299.8,1309.69
"2004-12-20",1286.07,1286.07,1272.15,1275.46
"2004-12-27",1285.41,1292.31,1276.73,1280.27
"2004-12-31",1275.39,1280.83,1264.49,1266.5
"2005-01-10",1243.58,1252.72,1236.09,1252.4
"2005-01-17",1235.57,1236.4,1214.06,1216.65
"2005-01-24",1258.02,1265.95,1239.8,1255.78
"2005-01-31",1210.76,1210.76,1190.17,1191.82
"2005-02-04",1238.61,1274.12,1235.64,1269
"2005-02-21",1259.53,1284.94,1259.51,1284.48
"2005-02-28",1311.44,1315.14,1298.93,1306
"2005-03-07",1288.41,1296.88,1287.74,1293.74
"2005-03-14",1288.99,1304.11,1271.51,1293.5
"2005-03-21",1226.14,1232.82,1220.82,1231.05
"2005-03-28",1204.85,1204.85,1185.46,1200.11
"2005-04-04",1212.12,1218.28,1196.94,1202.97
"2005-04-11",1248.15,1252.81,1235.36,1240.97
"2005-04-18",1212.39,1212.39,1190.98,1197.74
"2005-04-25",1166.34,1166.34,1146.41,1157.97
"2005-04-29",1168.33,1170.2,1155.99,1159.15
"2005-05-09",1160.62,1165.39,1130.41,1130.84
"2005-05-16",1105.4,1105.4,1082.14,1095.47
"2005-05-23",1095.31,1095.31,1069.44,1070.84
"2005-05-30",1049.72,1063.95,1043.28,1060.16
"2005-06-06",1010.38,1034.85,998.23,1034.38
"2005-06-13",1105.96,1112.1,1085.87,1106.29
"2005-06-20",1087.85,1115.86,1073.41,1115.62
"2005-06-27",1108.47,1129.96,1108.47,1124.64
"2005-07-04",1050.24,1050.24,1030.18,1047.28
"2005-07-11",1026.79,1043.21,1009.04,1011.5
"2005-07-18",1023.38,1023.38,1008.52,1012.1
"2005-07-25",1045.27,1048.97,1040.59,1045.4
"2005-08-01",1082.8,1094.15,1081.12,1088.95
"2005-08-08",1131.8,1146.73,1131.8,1138.88
"2005-08-15",1167.03,1187.8,1163.85,1187.01
"2005-08-22",1148.97,1162.04,1142.68,1158.6
"2005-08-29",1172,1172.01,1147.93,1154.43
"2005-09-05",1189.06,1196.87,1184.01,1196.22
"2005-09-12",1189.75,1191.93,1181.43,1188.21
"2005-09-19",1213.49,1220.97,1210.19,1220.63
"2005-09-26",1150.93,1155.6,1147.27,1155.04
"2005-09-30",1156.77,1158.7,1150.63,1155.61
"2005-10-10",1153.67,1153.67,1137.29,1138.95
"2005-10-17",1138.38,1138.38,1121.97,1131.38
"2005-10-24",1141.33,1143.46,1133.92,1141.17
"2005-10-31",1079.04,1096.15,1078.29,1092.82
"2005-11-07",1099.53,1100.95,1089.83,1100.65
"2005-11-14",1089.56,1089.71,1083.02,1088.65
"2005-11-21",1117.78,1122.88,1114.24,1119.94
"2005-11-28",1113.83,1119.35,1106.94,1110.82
"2005-12-05",1093.1,1093.1,1077.41,1079.2
"2005-12-12",1115.75,1118.53,1109.08,1116.37
"2005-12-19",1127.84,1134.5,1123.5,1131.75
"2005-12-26",1145.77,1159.78,1145.34,1156.82
"2005-12-30",1171.57,1173.06,1158.97,1161.06
"2006-01-09",1210.32,1217.31,1205.25,1215.67
"2006-01-16",1221.11,1221.39,1202.59,1202.87
"2006-01-23",1254.78,1257.35,1244.27,1255.77
"2006-01-25",1251.27,1260.17,1245.92,1258.05
"2006-02-06",1263,1287.67,1263,1287.63
"2006-02-13",1283.78,1284.95,1267.56,1279.64
"2006-02-20",1268.11,1279.42,1265.38,1267.54
"2006-02-27",1297.69,1304.61,1293.47,1297.19
"2006-03-06",1292.75,1296.85,1286.64,1288.96
"2006-03-13",1245.3,1260.07,1245.3,1259.67
"2006-03-20",1269.58,1288.97,1264.41,1288.42
"2006-03-27",1296.07,1296.59,1283.68,1295.92
"2006-04-03",1298.68,1319.49,1298.68,1319.47
"2006-04-10",1344.24,1359.41,1339.52,1359.08
"2006-04-17",1360.64,1383.65,1353.4,1378.61
"2006-04-24",1423.41,1429.06,1402.27,1409.79
"2006-04-28",1403.52,1444.71,1389.35,1440.22
"2006-05-08",1446.99,1497.2,1446.99,1497.1
"2006-05-15",1616.26,1664.94,1606.57,1664.09
"2006-05-22",1656.75,1674.22,1646.68,1657.69
"2006-05-29",1622.11,1648.84,1609.01,1648.54
"2006-06-05",1669.24,1685.29,1639.68,1684.62
"2006-06-12",1540.22,1566.45,1529.5,1552.8
"2006-06-19",1559.99,1591.85,1544.93,1586.29
"2006-06-26",1607.79,1635.8,1607.79,1633.45
"2006-07-03",1677.31,1697.83,1670.02,1697.28
"2006-07-10",1730.7,1737.03,1715.83,1734.33
"2006-07-17",1662.05,1684.34,1653.6,1682.89
"2006-07-24",1648.75,1667.62,1632.69,1665.94
"2006-07-31",1659.54,1659.54,1611.16,1612.73
"2006-08-07",1561.8,1570.05,1541.41,1547.44
"2006-08-14",1605.2,1611.66,1566.72,1570.74
"2006-08-21",1565.46,1602.13,1558.1,1601.15
"2006-08-28",1627.12,1651.29,1624.28,1650.44
"2006-09-04",1635.33,1657.69,1635.12,1657.52
"2006-09-11",1668.16,1675.09,1653.01,1674.97
"2006-09-18",1727.92,1733.41,1719.16,1732.99
"2006-09-25",1722.74,1732.28,1709.77,1722.37
"2006-09-29",1740.06,1755.69,1740.06,1752.42
"2006-10-09",1768.14,1786.11,1763.11,1785.39
"2006-10-16",1787.7,1789.18,1766.31,1771.3
"2006-10-23",1789.65,1797.43,1753.49,1759.39
"2006-10-30",1804.37,1815.61,1788.29,1809.66
"2006-11-06",1853.19,1886.52,1846.01,1886.31
"2006-11-13",1878.7,1905.9,1852.1,1863.77
"2006-11-20",1977.53,2018,1977.53,2017.28
"2006-11-27",2042.19,2049.54,2022.38,2047.28
"2006-12-04",2103.82,2164.58,2100.56,2161.65
"2006-12-11",2085.06,2181.16,2084.27,2180.5
"2006-12-18",2277.28,2335.23,2277.28,2332.43
"2006-12-25",2350.13,2452.43,2350.13,2435.76
"2006-12-29",2585.42,2698.9,2585.42,2675.47
"2007-01-08",2621.07,2708.44,2620.62,2707.2
"2007-01-15",2660.07,2795.33,2658.88,2794.7
"2007-01-22",2857.9,2934.65,2857.9,2933.19
"2007-01-29",2897.25,2954.34,2885.86,2945.26
"2007-02-05",2658.07,2672.35,2610.33,2612.54
"2007-02-12",2729.84,2807.51,2728.78,2807.17
"2007-02-16",3018.18,3036.35,2975.83,2998.47
"2007-02-26",2999.09,3041.34,2960.75,3040.6
"2007-03-05",2827.68,2858.44,2723.06,2785.31
"2007-03-12",2945.92,2958.63,2904.74,2954.91
"2007-03-19",2864.26,3038,2852.86,3014.44
"2007-03-26",3083.94,3123.18,3069.47,3122.81
"2007-04-02",3196.59,3253.44,3196.59,3252.6
"2007-04-09",3333.42,3399.51,3333.26,3398.95
"2007-04-16",3523.22,3597.22,3523.22,3596.44
"2007-04-23",3615.79,3710.89,3615.79,3710.89
"2007-04-30",3784.27,3851.35,3759.48,3841.27
"2007-05-14",3970.66,4081.43,3940.36,4046.39
"2007-05-21",3902.35,4083.42,3892.98,4072.23
"2007-05-28",4221.58,4283.93,4215.24,4272.11
"2007-06-04",3981.82,3987.27,3659.09,3670.4
"2007-06-11",3942,4000.42,3930.74,3995.68
"2007-06-18",4195.39,4267.74,4193.31,4253.35
"2007-06-25",4102.79,4131.13,3912.42,3941.08
"2007-07-02",3800.23,3859.86,3724.19,3836.29
"2007-07-09",3809.67,3900.9,3782.73,3883.22
"2007-07-16",3920.65,3931.87,3820.57,3821.92
"2007-07-23",4091.24,4220.32,4091.24,4213.36
"2007-07-30",4348.61,4450.19,4345.79,4440.77
"2007-08-06",4600.12,4629.97,4564.31,4628.11
"2007-08-13",4768.62,4872.55,4728.89,4820.06
"2007-08-20",4773.83,4906,4758.4,4904.86
"2007-08-27",5144.82,5192.06,5092.08,5150.12
"2007-09-03",5257.78,5327.54,5257.78,5321.06
"2007-09-10",5208.32,5356.86,5169.9,5355.29
"2007-09-17",5309.06,5427.17,5307.77,5421.39
"2007-09-24",5469.84,5506.06,5404.42,5485.01
"2007-09-28",5461.58,5560.42,5461.58,5552.3
"2007-10-08",5683.31,5729.96,5620,5692.76
"2007-10-15",5934.78,6039.04,5866.13,6030.09
"2007-10-22",5742.79,5804.84,5654.91,5667.33
"2007-10-29",5641.98,5750.25,5617.98,5748
"2007-11-05",5748.18,5787.23,5603.47,5634.45
"2007-11-12",5181.17,5250.09,5032.58,5187.73
"2007-11-19",5325.3,5333.09,5240.42,5269.82
"2007-11-26",5102.53,5124.89,4952.43,4958.85
"2007-12-03",4838.56,4899.67,4798.01,4868.61
"2007-12-10",5010.83,5168.76,4990.72,5161.92
"2007-12-17",5007.29,5007.35,4874.62,4876.76
"2007-12-24",5132.91,5284.34,5104.65,5234.26
"2007-12-28",5320.01,5336.5,5248.69,5261.56
"2008-01-07",5357.45,5403.35,5332.6,5393.34
"2008-01-14",5507.58,5522.78,5456.93,5497.9
"2008-01-21",5188.79,5200.93,4891.29,4914.44
"2008-01-28",4720.56,4720.56,4409.08,4419.29
"2008-02-04",4415.02,4672.21,4415.02,4672.17
"2008-02-05",4622.54,4662.97,4550.43,4599.7
"2008-02-18",4546.75,4601.22,4517.6,4568.15
"2008-02-25",4370.19,4391.33,4182.77,4192.53
"2008-03-03",4323.7,4456.96,4279.35,4438.27
"2008-03-10",4265.61,4265.61,4120.53,4146.3
"2008-03-17",3941.26,3941.26,3813,3820.05
"2008-03-24",3830.35,3840.48,3624.94,3626.19
"2008-03-31",3465.91,3555.82,3445.56,3472.71
"2008-04-07",3418.52,3613.48,3386.51,3599.62
"2008-04-14",3419.05,3427.88,3285.3,3296.67
"2008-04-21",3305.15,3305.17,3073.56,3116.98
"2008-04-28",3497.38,3530.91,3460.25,3474.72
"2008-05-05",3739.8,3768.22,3696.7,3761.01
"2008-05-12",3548.61,3668.86,3521.88,3626.98
"2008-05-19",3615.59,3624.84,3563.61,3604.76
"2008-05-26",3442.29,3443.99,3361.99,3364.54
"2008-06-02",3426.2,3483.61,3400.72,3459.04
"2008-06-06",3362,3371.28,3312.72,3329.67
"2008-06-16",2876.29,2917.81,2811.72,2874.1
"2008-06-23",2780.15,2813.14,2741.19,2760.42
"2008-06-30",2724.4,2766.8,2693.4,2736.1
"2008-07-07",2673.55,2801.53,2673.55,2792.4
"2008-07-14",2837.5,2895.3,2828.24,2878.26
"2008-07-21",2759.88,2865.06,2745.64,2861.42
"2008-07-28",2883.76,2924.45,2883.76,2903.01
"2008-08-04",2782.99,2793.26,2738.85,2741.74
"2008-08-11",2595.89,2601.5,2453.71,2470.07
"2008-08-18",2451.78,2455.5,2318.93,2319.87
"2008-08-25",2408.09,2443.99,2382.29,2413.37
"2008-09-01",2380.47,2380.47,2311.73,2325.13
"2008-09-08",2210.34,2220.55,2135.37,2143.42
"2008-09-12",2077.55,2104.63,2064.29,2079.67
"2008-09-22",2241.72,2269.73,2164.8,2236.41
"2008-09-26",2304.12,2310.45,2246.28,2293.78
"2008-10-06",2267.39,2267.39,2172.57,2173.74
"2008-10-13",1978.56,2074.47,1931.47,2073.57
"2008-10-20",1924.18,1979.84,1890.92,1974.01
"2008-10-27",1809.23,1809.23,1721.6,1723.35
"2008-11-03",1713.76,1750.32,1702.98,1719.77
"2008-11-10",1782.31,1876.16,1782.31,1874.8
"2008-11-17",1981.26,2031.1,1963.85,2030.49
"2008-11-24",1961.21,1974.47,1893.34,1897.06
"2008-12-01",1865.74,1895.76,1838.1,1894.62
"2008-12-08",2049.16,2091.28,2038.19,2090.77
"2008-12-15",1977.03,1989.3,1936.56,1964.37
"2008-12-22",2016.45,2016.45,1965.35,1987.76
"2008-12-29",1846.3,1856.33,1815.41,1850.48
"2009-01-05",1849.02,1880.72,1844.09,1880.72
"2009-01-12",1897.7,1924.44,1886.83,1900.35
"2009-01-19",1971,2018.51,1966.19,1986.67
"2009-01-23",2001.17,2008.79,1986.35,1990.66
"2009-02-02",2008.13,2012.74,1987.13,2011.68
"2009-02-09",2211.32,2238.89,2196.71,2224.71
"2009-02-16",2338.76,2389.88,2328.18,2389.39
"2009-02-23",2249.29,2313.59,2219.71,2305.78
"2009-03-02",2066.23,2102.11,2052.99,2093.45
"2009-03-09",2205.75,2232.67,2116.45,2118.75
"2009-03-16",2122.41,2158.9,2108.61,2153.29
"2009-03-23",2286.25,2329.18,2276.81,2325.48
"2009-03-30",2377.96,2380.19,2348.53,2358.04
"2009-04-03",2446.12,2456.81,2406.5,2419.78
"2009-04-13",2468.08,2522.45,2464.06,2513.7
"2009-04-20",2500.17,2559.04,2497.32,2557.46
"2009-04-27",2443.44,2452.93,2393.16,2405.35
"2009-05-04",2486.69,2560.54,2486.23,2559.91
"2009-05-11",2646.29,2663.95,2579.75,2579.75
"2009-05-18",2632.57,2656.84,2589.61,2652.78
"2009-05-25",2555.34,2618.36,2538.62,2610.01
"2009-06-01",2668.4,2726.72,2668.4,2721.28
"2009-06-08",2753.35,2795.15,2729.03,2768.34
"2009-06-15",2743.03,2790.98,2727.74,2789.55
"2009-06-22",2900.57,2923.24,2884.13,2896.3
"2009-06-29",2930.31,2976.92,2918.39,2975.31
"2009-07-06",3091.48,3128.31,3090.1,3124.67
"2009-07-13",3098.96,3112.88,3076.3,3080.56
"2009-07-20",3203.89,3269.18,3192.9,3266.92
"2009-07-27",3377.72,3435.93,3376.29,3435.21
"2009-08-03",3429.69,3465.17,3398.45,3462.59
"2009-08-10",3287.76,3307.89,3201.06,3249.76
"2009-08-17",2994.87,3020.26,2867.39,2870.63
"2009-08-24",2982.19,3004.9,2944.92,2993.43
"2009-08-31",2817.63,2817.63,2663,2667.75
"2009-09-07",2877.62,2919.35,2860,2881.12
"2009-09-14",2990.93,3033.08,2984.84,3026.74
"2009-09-21",2937.93,2968.7,2871.65,2967.01
"2009-09-28",2844.37,2857.95,2752.77,2763.52
"2009-09-30",2772.57,2803.86,2763.71,2779.43
"2009-10-12",2927.02,2932.08,2893.57,2894.48
"2009-10-19",2974.64,3039.61,2962.31,3038.27
"2009-10-26",3114.29,3123.36,3083.18,3109.57
"2009-11-02",2933.82,3077.91,2923.52,3076.65
"2009-11-09",3162.15,3176.66,3141.77,3175.59
"2009-11-16",3206.43,3275.55,3206.43,3275.05
"2009-11-23",3312.97,3339.3,3305.5,3338.66
"2009-11-30",3114.29,3195.88,3114.29,3195.3
"2009-12-07",3313.06,3334.01,3302.13,3331.9
"2009-12-14",3246.95,3315.03,3178.23,3302.9
"2009-12-21",3108.07,3123.99,3088,3122.97
"2009-12-28",3148.86,3202.09,3148.86,3188.78
"2010-01-04",3289.75,3295.28,3243.32,3243.76
"2010-01-11",3301.61,3306.75,3197.33,3212.75
"2010-01-18",3213.64,3238.24,3202.21,3237.1
"2010-01-25",3103.32,3137,3092.93,3094.41
"2010-02-01",2981.37,2981.37,2912.89,2941.36
"2010-02-08",2936.45,2954.27,2922.19,2935.17
"2010-02-12",2996.09,3018.86,2993.44,3018.13
"2010-02-22",3016.7,3026.66,3002.81,3003.4
"2010-03-01",3057.01,3093.1,3054.55,3087.84
"2010-03-08",3036.42,3058.83,3030.91,3053.23
"2010-03-15",3010.72,3013.52,2963.49,2976.94
"2010-03-22",3069.66,3083.35,3061.76,3074.58
"2010-03-29",3076.05,3130.28,3071.69,3123.8
"2010-04-02",3154.77,3159.6,3141.87,3157.96
"2010-04-12",3151.89,3156.21,3111.9,3129.26
"2010-04-19",3096.78,3096.78,2977.77,2980.3
"2010-04-26",2988.08,2996.83,2965.83,2969.5
"2010-04-30",2867.65,2875.81,2820.95,2870.61
"2010-05-10",2690.86,2713.06,2646.59,2698.76
"2010-05-17",2663.88,2663.88,2557.24,2559.93
"2010-05-24",2596.32,2680.49,2596.32,2673.42
"2010-05-31",2647.87,2665.39,2591.53,2592.15
"2010-06-07",2508.33,2527.1,2491.66,2511.73
"2010-06-11",2574.9,2590.98,2566.62,2569.94
"2010-06-21",2517.29,2587.34,2504.31,2586.21
"2010-06-28",2550.65,2561.49,2528.38,2535.28
"2010-07-05",2358.76,2378.09,2335.57,2363.95
"2010-07-12",2468.54,2501.02,2455.81,2490.72
"2010-07-19",2399.58,2484.19,2392.27,2475.42
"2010-07-26",2576.37,2589.48,2556.47,2588.68
"2010-08-02",2635.81,2675.76,2633.65,2672.52
"2010-08-09",2656.36,2676.09,2650.4,2672.53
"2010-08-16",2603.79,2665.31,2596.77,2661.71
"2010-08-23",2637.82,2656.12,2629.71,2639.37
"2010-08-30",2622.27,2656.36,2620.19,2652.66
"2010-09-06",2667.2,2698.6,2664.24,2696.25
"2010-09-13",2665.66,2696.67,2660.61,2688.32
"2010-09-20",2601.48,2607.35,2573.63,2588.71
"2010-09-27",2600.54,2629.04,2597.14,2627.97
"2010-09-30",2599.72,2656,2597.6,2655.66
"2010-10-11",2755.03,2823.6,2755.03,2806.94
"2010-10-18",2985.46,3026.1,2944.72,2955.23
"2010-10-25",2979.71,3051.54,2959.3,3051.42
"2010-11-01",2986.89,3054.05,2986.89,3054.02
"2010-11-08",3140.4,3160.7,3124.09,3159.51
"2010-11-15",2984.87,3016.13,2939.68,3014.41
"2010-11-22",2861.61,2904.97,2852.77,2884.37
"2010-11-29",2861.15,2878.83,2841.79,2866.36
"2010-12-06",2850.38,2871.41,2831.7,2857.18
"2010-12-13",2850.32,2923.77,2847.66,2922.95
"2010-12-20",2901.47,2911.56,2804.56,2852.92
"2010-12-27",2842.81,2876.81,2774.54,2781.4
"2010-12-31",2759.16,2808.93,2758.13,2808.08
"2011-01-10",2832.62,2847.36,2786.86,2791.81
"2011-01-17",2772.45,2780.94,2698.78,2706.66
"2011-01-24",2716.52,2736.11,2690.65,2695.72
"2011-01-31",2751.53,2790.92,2748.54,2790.69
"2011-02-01",2795.07,2805.05,2785.3,2798.96
"2011-02-14",2828.57,2906.26,2828.57,2899.13
"2011-02-21",2886.54,2932.82,2884.19,2932.25
"2011-02-28",2880.17,2906.17,2861.82,2905.05
"2011-03-07",2952.72,3000.43,2952.72,2996.21
"2011-03-14",2923.98,2939.65,2914.46,2937.63
"2011-03-21",2913.91,2927.07,2895.15,2909.14
"2011-03-28",2985.36,3005.78,2979.2,2984
"2011-04-01",2932.48,2967.85,2924.39,2967.41
"2011-04-11",3037.91,3059.57,3019.89,3022.75
"2011-04-18",3040.53,3067.46,3037.19,3057.33
"2011-04-25",3003.03,3003.61,2964.64,2964.95
"2011-04-29",2886.63,2913.56,2871.01,2911.51
"2011-05-09",2868.24,2885.18,2861.42,2872.46
"2011-05-16",2864.38,2877.09,2846.31,2849.07
"2011-05-23",2853.29,2853.29,2771.12,2774.57
"2011-05-30",2704.49,2728.06,2689.21,2706.36
"2011-06-03",2701.77,2732.43,2701.25,2728.02
"2011-06-13",2687.65,2703.42,2669.4,2700.38
"2011-06-20",2635.83,2637.88,2610.99,2621.25
"2011-06-27",2746.79,2769.04,2743.5,2758.23
"2011-07-04",2770.94,2813.27,2770.94,2812.82
"2011-07-11",2789.45,2807.32,2780.67,2802.69
"2011-07-18",2821.36,2826.96,2807.11,2816.69
"2011-07-25",2759.63,2759.63,2680.75,2688.75
"2011-08-01",2697.57,2712.89,2688.53,2703.78
"2011-08-08",2599.29,2614.19,2497.92,2526.82
"2011-08-15",2598.14,2627.1,2584.41,2626.77
"2011-08-22",2534.57,2553.42,2507.78,2515.86
"2011-08-29",2595.47,2595.47,2570.84,2576.41
"2011-09-05",2510.1,2510.1,2478.2,2478.74
"2011-09-09",2506.97,2528.42,2487.14,2497.75
"2011-09-19",2469.6,2469.6,2437.17,2437.79
"2011-09-26",2416.23,2441.73,2384.64,2393.18
"2011-09-30",2368.4,2377.54,2348.22,2359.22
"2011-10-10",2363.08,2368.15,2338.69,2344.79
"2011-10-17",2434.49,2452.99,2424.73,2440.4
"2011-10-24",2322.02,2371.09,2307.15,2370.33
"2011-10-31",2470.25,2478.31,2455.21,2468.25
"2011-11-07",2518.9,2536.18,2507.61,2509.8
"2011-11-14",2498.67,2529.63,2496.33,2528.71
"2011-11-21",2416.73,2419.24,2396.09,2415.13
"2011-11-28",2383.89,2396.83,2372.16,2383.03
"2011-12-05",2363.11,2363.13,2327.61,2333.23
"2011-12-12",2312.15,2315.81,2290.26,2291.54
"2011-12-19",2208.07,2221.45,2164.89,2218.24
"2011-12-26",2193.66,2213.45,2186.07,2190.11
"2011-12-30",2177.52,2200.99,2177.52,2199.42
"2012-01-09",2164.74,2226.22,2148.45,2225.89
"2012-01-16",2230.43,2241.26,2206.04,2206.19
"2012-01-20",2300.5,2322.89,2293.89,2319.12
"2012-01-30",2324.49,2324.49,2284.29,2285.04
"2012-02-06",2334.25,2341.57,2317.42,2331.14
"2012-02-13",2332.05,2365.34,2325.03,2351.85
"2012-02-20",2383.69,2388.01,2362.01,2363.6
"2012-02-27",2447.41,2478.37,2444.63,2447.06
"2012-03-05",2464.85,2469.84,2442.11,2445
"2012-03-12",2438.55,2440.86,2420.84,2434.86
"2012-03-19",2401.22,2412.34,2383.67,2410.18
"2012-03-26",2349.09,2358,2339.14,2350.6
"2012-03-30",2256.04,2266.21,2246.25,2262.79
"2012-04-09",2300.05,2304.65,2284.44,2285.78
"2012-04-16",2346.31,2364.11,2342.2,2357.03
"2012-04-23",2403.52,2411.51,2383.07,2388.59
"2012-04-27",2402.43,2408.42,2393.87,2396.32
"2012-05-07",2441.76,2451.95,2432.74,2451.95
"2012-05-14",2408.26,2411.27,2377.98,2380.73
"2012-05-21",2343.58,2360.39,2330.32,2348.3
"2012-05-28",2325.32,2361.74,2309.07,2361.37
"2012-06-04",2346.98,2348.2,2308.23,2308.55
"2012-06-11",2282.89,2311.77,2278.16,2305.86
"2012-06-18",2313.53,2325.05,2309.71,2316.05
"2012-06-25",2253.51,2253.51,2223.05,2224.11
"2012-07-02",2234.32,2234.87,2215.36,2226.11
"2012-07-09",2210.71,2216.7,2168.61,2170.81
"2012-07-16",2187.89,2188.06,2146.15,2147.96
"2012-07-23",2154.17,2154.17,2135.56,2141.4
"2012-07-30",2128.16,2137.74,2107.63,2109.91
"2012-08-06",2129.15,2158.68,2127.26,2154.92
"2012-08-13",2164.04,2164.04,2134.55,2136.08
"2012-08-20",2102.23,2110.78,2089.02,2106.96
"2012-08-27",2085.37,2085.37,2055.38,2055.71
"2012-09-03",2044.83,2066.78,2041.16,2059.15
"2012-09-10",2128.06,2140.17,2120.49,2134.89
"2012-09-17",2120.62,2121.58,2077.48,2078.5
"2012-09-24",2015.77,2040.85,2005.26,2033.19
"2012-09-28",2042.89,2089.63,2040.35,2086.17
"2012-10-08",2084.85,2096.26,2063.09,2074.42
"2012-10-15",2105.02,2107.2,2085.11,2098.7
"2012-10-22",2118.52,2138.03,2112.75,2132.76
"2012-10-29",2061.85,2068.24,2053.09,2058.94
"2012-11-05",2113.33,2123.33,2104.58,2114.03
"2012-11-12",2069.21,2079.57,2061.84,2079.27
"2012-11-19",2013.25,2018.38,1995.72,2016.98
"2012-11-26",2023.34,2027.27,2014.03,2017.46
"2012-12-03",1977.25,1988.19,1957.88,1959.77
"2012-12-10",2067.32,2087.01,2064.61,2083.77
"2012-12-17",2152.1,2169.57,2151.94,2160.34
"2012-12-24",2150.65,2170.39,2149.82,2159.05
"2012-12-31",2236.46,2269.51,2236.46,2269.13
"2013-01-07",2271.66,2293.32,2266.86,2285.36
"2013-01-14",2236.29,2317.62,2235.11,2311.74
"2013-01-21",2321.49,2329.58,2305.1,2328.22
"2013-01-28",2295.35,2346.92,2295.35,2346.5
"2013-02-04",2425.92,2440.38,2417.58,2428.15
"2013-02-08",2416.62,2443.03,2414.4,2432.4
"2013-02-18",2441.91,2444.8,2415.43,2421.56
"2013-02-25",2320.62,2338.78,2315.01,2325.82
"2013-03-04",2332.08,2333.54,2259.25,2273.4
"2013-03-11",2314.68,2320.96,2296.58,2310.59
"2013-03-18",2267.29,2276.05,2239.21,2240.02
"2013-03-25",2334.74,2344.89,2319.91,2326.72
"2013-04-01",2229.46,2243.95,2227.31,2234.39
"2013-04-08",2196.24,2212.59,2180.67,2211.59
"2013-04-15",2199.91,2204.99,2177.39,2181.94
"2013-04-22",2236.4,2245.12,2232.26,2242.17
"2013-04-26",2203.89,2210.58,2173.86,2177.91
"2013-05-06",2212.5,2236.07,2212.5,2231.17
"2013-05-13",2247.68,2250.85,2231.36,2241.92
"2013-05-20",2286.33,2309.39,2281.9,2299.99
"2013-05-27",2286.66,2301.7,2283.94,2293.08
"2013-06-03",2300.21,2313.43,2294.11,2299.25
"2013-06-07",2242.26,2250.63,2205.07,2210.9
"2013-06-17",2165.99,2169.36,2147.03,2156.22
"2013-06-24",2068.86,2068.86,1958.4,1963.24
"2013-07-01",1965.99,1995.92,1957.57,1995.24
"2013-07-08",1983.22,1983.22,1953.12,1958.27
"2013-07-15",2046.12,2076.67,2037.25,2059.39
"2013-07-22",1977.73,2005.47,1970.64,2004.76
"2013-07-29",1997.84,1997.84,1969.85,1976.31
"2013-08-05",2031.72,2050.91,2025.23,2050.48
"2013-08-12",2058.42,2102.35,2055.72,2101.28
"2013-08-19",2055.13,2091.13,2052.7,2085.6
"2013-08-26",2061.42,2097.34,2056.13,2096.47
"2013-09-02",2104.09,2108.68,2078.46,2098.45
"2013-09-09",2151.35,2218.53,2151.35,2212.52
"2013-09-16",2244.46,2248.47,2226.17,2231.4
"2013-09-23",2199.36,2223.07,2198.34,2221.04
"2013-09-30",2167.73,2176.3,2165.16,2174.67
"2013-10-14",2232.22,2242.98,2226.4,2237.77
"2013-10-21",2198.11,2230.28,2190.39,2229.24
"2013-10-28",2135.88,2140.96,2123.07,2133.87
"2013-11-04",2156.09,2160.58,2143.21,2149.63
"2013-11-11",2103.3,2117.28,2093.63,2109.47
"2013-11-18",2147.37,2198.32,2143.77,2197.22
"2013-11-25",2186.06,2209.15,2181.42,2186.11
"2013-12-02",2203.12,2231.92,2172.63,2207.37
"2013-12-09",2241.79,2249.17,2231.73,2238.2
"2013-12-16",2197.23,2201.7,2159.99,2160.86
"2013-12-23",2089.54,2099.52,2068.54,2089.71
"2013-12-30",2108.88,2112.01,2095.06,2097.53
"2014-01-06",2078.68,2078.68,2034.01,2045.71
"2014-01-13",2014.98,2027.18,2000.4,2009.56
"2014-01-20",2001.89,2005.94,1984.82,1991.25
"2014-01-27",2044.27,2044.85,2029.63,2033.3
"2014-01-30",2045.93,2045.93,2031.47,2033.08
"2014-02-10",2049.98,2087.98,2049.98,2086.07
"2014-02-17",2124.88,2136.45,2117.69,2135.42
"2014-02-24",2099.72,2099.72,2058.79,2076.69
"2014-03-03",2052.07,2078.33,2047.07,2075.24
"2014-03-10",2042.35,2042.63,1995.55,1999.07
"2014-03-17",2009.88,2024.37,1999.25,2023.67
"2014-03-24",2050.83,2074.06,2043.33,2066.28
"2014-03-31",2043.05,2048.13,2024.19,2033.31
"2014-04-04",2037.55,2060.1,2035.22,2058.83
"2014-04-14",2127.41,2134.43,2116.61,2131.54
"2014-04-21",2085.98,2103.08,2065.23,2065.83
"2014-04-28",2033.34,2035.99,2000.14,2003.49
"2014-05-05",2022.18,2028.96,2007.35,2027.35
"2014-05-12",2022.93,2055.51,2016.64,2052.87
"2014-05-19",2023.01,2023.27,1996.02,2005.18
"2014-05-26",2042.03,2045.38,2035.09,2041.48
"2014-05-30",2040.39,2046.96,2031.37,2039.21
"2014-06-09",2024.94,2045.26,2023.2,2030.5
"2014-06-16",2070.7,2087.32,2069.44,2085.98
"2014-06-23",2026.23,2033.32,2022.92,2024.37
"2014-06-30",2038.61,2052.34,2038.53,2048.33
"2014-07-07",2058.13,2064.04,2050.89,2059.93
"2014-07-14",2047.74,2067.34,2044.9,2066.65
"2014-07-21",2057.77,2061.82,2049.18,2054.48
"2014-07-28",2135.25,2181.5,2135.25,2177.95
"2014-08-04",2190.04,2224.07,2186.92,2223.33
"2014-08-11",2199.43,2225.96,2198.31,2224.65
"2014-08-18",2229.8,2242.03,2228.13,2239.47
"2014-08-25",2241.1,2241.55,2222.01,2229.27
"2014-09-01",2220.13,2236.29,2217.69,2235.51
"2014-09-05",2311.3,2327.56,2307.45,2326.43
"2014-09-15",2330.19,2340.45,2321.59,2339.14
"2014-09-22",2323.55,2323.55,2284.38,2289.87
"2014-09-29",2353.71,2363.06,2346.58,2357.71
"2014-09-30",2361.32,2365.49,2354.27,2363.87
"2014-10-13",2366.43,2366.86,2341.12,2366.01
"2014-10-20",2346.05,2357.51,2340.46,2356.73
"2014-10-27",2293.57,2293.64,2279.84,2290.44
"2014-11-03",2425.23,2436.78,2418.17,2430.03
"2014-11-10",2436.63,2474.16,2428.19,2473.67
"2014-11-17",2506.86,2508.77,2472.45,2474.01
"2014-11-24",2505.53,2546.75,2495.52,2532.88
"2014-12-01",2691.73,2720.74,2668.84,2680.16
"2014-12-08",2907.81,3041.66,2879.85,3020.26
"2014-12-15",2921.45,2960.23,2890.9,2953.42
"2014-12-22",3129.27,3189.87,3090.51,3127.45
"2014-12-29",3212.56,3223.86,3126.94,3168.02
"2015-01-05",3258.63,3369.28,3253.88,3350.52
"2015-01-12",3258.21,3275.19,3191.58,3229.32
"2015-01-19",3189.73,3262.21,3095.07,3116.35
"2015-01-26",3347.26,3384.8,3321.31,3383.18
"2015-02-02",3148.14,3175.13,3122.57,3128.3
"2015-02-09",3063.51,3119.03,3049.11,3095.12
"2015-02-16",3206.14,3228.85,3195.88,3222.36
"2015-02-17",3230.88,3255.73,3230.77,3246.91
"2015-03-02",3332.72,3336.76,3298.67,3336.28
"2015-03-09",3224.31,3307.7,3198.37,3302.41
"2015-03-16",3391.16,3449.3,3377.09,3449.3
"2015-03-23",3640.1,3688.25,3635.49,3687.73
"2015-03-30",3710.61,3795.94,3710.61,3786.57
"2015-04-03",3803.38,3864.41,3792.21,3863.93
"2015-04-13",4072.72,4128.07,4057.29,4121.71
"2015-04-20",4301.35,4356,4190.68,4217.08
"2015-04-27",4441.93,4529.73,4441.93,4527.4
"2015-05-04",4441.34,4487.57,4387.43,4480.46
"2015-05-11",4231.27,4334.88,4187.82,4333.58
"2015-05-18",4277.9,4324.83,4260.51,4283.49
"2015-05-25",4660.08,4814.67,4656.83,4813.8
"2015-06-01",4633.1,4829.5,4615.23,4828.74
"2015-06-08",5045.69,5146.95,4997.48,5131.88
"2015-06-15",5174.42,5176.79,5048.74,5062.99
"2015-06-19",4689.93,4744.08,4476.5,4478.36
"2015-06-29",4289.77,4297.47,3875.05,4053.03
"2015-07-06",3975.21,3975.21,3653.04,3775.91
"2015-07-13",3918.99,4030.19,3858.64,3970.39
"2015-07-20",3948.42,4021.33,3927.12,3992.11
"2015-07-27",3985.57,4051.16,3720.44,3725.56
"2015-08-03",3614.99,3648.94,3549.5,3622.91
"2015-08-10",3786.03,3943.62,3775.85,3928.42
"2015-08-17",3947.84,3994.54,3907.4,3993.67
"2015-08-24",3373.48,3388.36,3191.88,3209.91
"2015-08-31",3203.56,3207.86,3109.16,3205.99
"2015-09-07",3149.38,3217.58,3066.3,3080.42
"2015-09-11",3189.48,3223.76,3163.45,3200.23
