"","zz.500","zz.500.1"
"2010-09-14",0,0.00328413697798413
"2010-09-15",-0.0156656442964354,-0.0156656442964354
"2010-09-16",0,-0.0252043280624437
"2010-09-17",0,-0.00161139151801226
"2010-09-20",-0.0109416991584917,-0.0109416991584917
"2010-09-21",-0.00140562953606715,-0.00140562953606715
"2010-09-27",0.0279058312427714,0.0279058312427714
"2010-09-28",-0.00411888093404233,-0.00411888093404233
"2010-09-29",-0.013757022665656,-0.013757022665656
"2010-09-30",0.0153126578534994,0.0153126578534994
"2010-10-08",0.0230356114681856,0.0230356114681856
"2010-10-11",0.00444214236882789,0.00444214236882789
"2010-10-12",0.00352463357546351,0.00352463357546351
"2010-10-13",0.00638988939521079,0.00638988939521079
"2010-10-14",-0.03249916268582,-0.03249916268582
"2010-10-15",0.00254297907013745,0.00254297907013745
"2010-10-18",-0.0116829552090801,-0.0116829552090801
"2010-10-19",0.030619155900883,0.030619155900883
"2010-10-20",0.00326036224632542,0.00326036224632542
"2010-10-21",0.00826208355303293,0.00826208355303293
"2010-10-22",0.0091294635223631,0.0091294635223631
"2010-10-25",0.0247174522098121,0.0247174522098121
"2010-10-26",0.00953285922032898,0.00953285922032898
"2010-10-27",-0.0101820193490378,-0.0101820193490378
"2010-10-28",0.000965009245388337,0.000965009245388337
"2010-10-29",0.0111809167001491,0.0111809167001491
"2010-11-01",0.0284898203184469,0.0284898203184469
"2010-11-02",-0.00508700876725365,-0.00508700876725365
"2010-11-03",-0.0144073048797697,-0.0144073048797697
"2010-11-04",0.0254504224796794,0.0254504224796794
"2010-11-05",0.0159650366713435,0.0159650366713435
"2010-11-08",0,0.0224633221270001
"2010-11-09",0,0.00676659778333
"2010-11-10",0,0.00309079968605408
"2010-11-11",0,-0.00813894580596075
"2010-11-12",0,-0.0604602855560984
"2010-11-15",0,0.0281891301086512
"2010-11-16",0,-0.0355471740341068
"2010-11-17",0,-0.0419476530118749
"2010-11-18",0,0.0157644904115044
"2010-11-19",0,0.0301334030616429
"2010-11-22",0.0137058824663525,0.0137058824663525
"2010-11-23",-0.0169744900767872,-0.0169744900767872
"2010-11-24",0.028225010020811,0.028225010020811
"2010-11-26",0.00412973072851508,0.00412973072851508
"2010-11-29",0.00403623053936086,0.00403623053936086
"2010-11-30",-0.0262672066319474,-0.0262672066319474
"2010-12-01",0.00116613977351965,0.00116613977351965
"2010-12-02",0.00423112701646589,0.00423112701646589
"2010-12-03",-0.00741852144358857,-0.00741852144358857
"2010-12-06",-0.0164380229973314,-0.0164380229973314
"2010-12-07",0.0135651535204415,0.0135651535204415
"2010-12-08",-0.00287339367443151,-0.00287339367443151
"2010-12-09",-0.020723989091979,-0.020723989091979
"2010-12-10",0.0149590127256427,0.0149590127256427
"2010-12-13",0.0277525859558694,0.0277525859558694
"2010-12-14",0.0125544989661721,0.0125544989661721
"2010-12-15",-0.00254765389299649,-0.00254765389299649
"2010-12-16",-0.00264401592861863,-0.00264401592861863
"2010-12-17",0.00220247870149159,0.00220247870149159
"2010-12-20",0,-0.0123959040707431
"2010-12-21",0,0.0114766450987627
"2010-12-22",0,-0.00923835769646975
"2010-12-23",0,-0.0202955232793995
"2010-12-28",0,-0.0668741813836378
"2010-12-29",0,0.017340661500691
"2010-12-30",0,0.00331634242928391
"2010-12-31",0.02241487516052,0.02241487516052
"2011-01-04",0.0151477092497287,0.0151477092497287
"2011-01-05",0.00344607407820141,0.00344607407820141
"2011-01-06",-0.00546654489857368,-0.00546654489857368
"2011-01-07",-0.00522666188475907,-0.00522666188475907
"2011-01-10",-0.0290604889624427,-0.0290604889624427
"2011-01-11",0,-0.00532857525661812
"2011-01-12",0,0.00598565633274872
"2011-01-13",0,-0.00141096251511275
"2011-01-14",0,-0.0214077352791681
"2011-01-18",0,-0.0394776672932254
"2011-01-19",0,0.0240535510091129
"2011-01-20",0,-0.0363165585139116
"2011-01-21",0,0.00646809678526528
"2011-01-24",0,-0.0239263966964834
"2011-01-25",-0.0128657491226142,-0.0128657491226142
"2011-01-26",0.0191114047969618,0.0191114047969618
"2011-01-27",0.0176094776050393,0.0176094776050393
"2011-01-28",0.0100825922465508,0.0100825922465508
"2011-01-31",0.0137746502706888,0.0137746502706888
"2011-02-01",0.00427685948723289,0.00427685948723289
"2011-02-09",-0.00450483558160608,-0.00450483558160608
"2011-02-10",0.0269539147009836,0.0269539147009836
"2011-02-11",0.0111618793635708,0.0111618793635708
"2011-02-14",0.017901274121787,0.017901274121787
"2011-02-15",-0.000576705722763249,-0.000576705722763249
"2011-02-16",0.0170400989797674,0.0170400989797674
"2011-02-17",0.00702853175922002,0.00702853175922002
"2011-02-18",-0.00923311988452447,-0.00923311988452447
"2011-02-22",-0.00641109957480201,-0.00641109957480201
"2011-02-23",0.0141168084634793,0.0141168084634793
"2011-02-24",0.0097749379312122,0.0097749379312122
"2011-02-25",0.0010084069514591,0.0010084069514591
"2011-02-28",0.0124006515602342,0.0124006515602342
"2011-03-01",0.00534423558896369,0.00534423558896369
"2011-03-02",-0.00267450708933303,-0.00267450708933303
"2011-03-03",-0.0195136180074388,-0.0195136180074388
"2011-03-04",0.0116928365910896,0.0116928365910896
"2011-03-07",0.0139375088976761,0.0139375088976761
"2011-03-08",0.00534812460659051,0.00534812460659051
"2011-03-09",0.00302764516013876,0.00302764516013876
"2011-03-10",-0.0073262477322138,-0.0073262477322138
"2011-03-11",-0.00071158992786835,-0.00071158992786835
"2011-03-14",0.00978452292456944,0.00978452292456944
"2011-03-15",-0.0113120519039799,-0.0113120519039799
"2011-03-16",0.0132577714449218,0.0132577714449218
"2011-03-17",-0.0183157158071854,-0.0183157158071854
"2011-03-18",0.00446697102290106,0.00446697102290106
"2011-03-21",-0.00796187989890806,-0.00796187989890806
"2011-03-22",-5.89843183295136e-05,-5.89843183295136e-05
"2011-03-23",0.0136713719351493,0.0136713719351493
"2011-03-24",0.00270011325223485,0.00270011325223485
"2011-03-25",0.00833581591756394,0.00833581591756394
"2011-03-28",-0.00245570614057478,-0.00245570614057478
"2011-03-29",-0.0170014713385525,-0.0170014713385525
"2011-03-30",-0.00911927839460902,-0.00911927839460902
"2011-03-31",-0.0126645267284459,-0.0126645267284459
"2011-04-01",0.0129349655981614,0.0129349655981614
"2011-04-06",-0.00142939508039475,-0.00142939508039475
"2011-04-07",0.00630901711957366,0.00630901711957366
"2011-04-08",0.0116017488391162,0.0116017488391162
"2011-04-11",-0.00809120598878388,-0.00809120598878388
"2011-04-12",0.00143328779188789,0.00143328779188789
"2011-04-13",0.0099228462965828,0.0099228462965828
"2011-04-14",-0.00277626700372546,-0.00277626700372546
"2011-04-15",0.00224234017316416,0.00224234017316416
"2011-04-18",0.00319036387623362,0.00319036387623362
"2011-04-19",0,-0.0121164957027681
"2011-04-20",0,0.00708737445848673
"2011-04-21",0,0.00693075083026806
"2011-04-26",0,-0.0419304911583055
"2011-04-27",0,-0.0114815804691957
"2011-04-28",0,-0.0321725862748395
"2011-04-29",0,0.0171278248799176
"2011-05-03",0.0173045793229925,0.0173045793229925
"2011-05-04",-0.0214995417286212,-0.0214995417286212
"2011-05-05",0.00258163360035457,0.00258163360035457
"2011-05-06",0.00471493932952027,0.00471493932952027
"2011-05-09",0.00823716386173179,0.00823716386173179
"2011-05-11",0.00809215689363674,0.00809215689363674
"2011-05-12",-0.0133279507157145,-0.0133279507157145
"2011-05-13",0.00797115044002261,0.00797115044002261
"2011-05-16",-0.000377353595091057,-0.000377353595091057
"2011-05-17",-0.00546043334103441,-0.00546043334103441
"2011-05-18",0,0.00661475779817988
"2011-05-19",0,-0.0053605754186079
"2011-05-20",0,-0.00342220781174618
"2011-05-23",0,-0.0377653349583504
"2011-05-24",0,-0.00159204034437177
"2011-05-25",0,-0.0114146161258336
"2011-05-26",0,-0.00991826830217202
"2011-05-27",0,-0.0315005228600735
"2011-05-31",0,0.00347491193076066
"2011-06-01",0.0104876379881815,0.0104876379881815
"2011-06-02",-0.0135585596928136,-0.0135585596928136
"2011-06-03",0.0172009024704509,0.0172009024704509
"2011-06-07",0.00912076747388291,0.00912076747388291
"2011-06-08",0.00344600097741399,0.00344600097741399
"2011-06-09",-0.0232830816503703,-0.0232830816503703
"2011-06-10",0.0027643590407993,0.0027643590407993
"2011-06-13",-5.81775291020881e-05,-5.81775291020881e-05
"2011-06-14",0.0161453095438056,0.0161453095438056
"2011-06-15",-0.00908402242521789,-0.00908402242521789
"2011-06-16",-0.0216792706183461,-0.0216792706183461
"2011-06-17",-0.0147132991095159,-0.0147132991095159
"2011-06-20",-0.0135151018631388,-0.0135151018631388
"2011-06-21",0.0139456612176403,0.0139456612176403
"2011-06-22",-0.00396457671064931,-0.00396457671064931
"2011-06-23",0.0189113257083589,0.0189113257083589
"2011-06-24",0.0241293315837841,0.0241293315837841
"2011-06-27",0.0130866371767018,0.0130866371767018
"2011-06-28",0.00137691297266485,0.00137691297266485
"2011-06-29",-0.0137589415998751,-0.0137589415998751
"2011-06-30",0.0150259116277822,0.0150259116277822
"2011-07-05",0.0371429882348122,0.0371429882348122
"2011-07-06",0.00242134842707298,0.00242134842707298
"2011-07-07",0.000111323046422473,0.000111323046422473
"2011-07-08",-0.00101649758114242,-0.00101649758114242
"2011-07-11",0.00900010769396742,0.00900010769396742
"2011-07-12",-0.0142308866830209,-0.0142308866830209
"2011-07-13",0.0199318560901858,0.0199318560901858
"2011-07-14",0.00844486066657124,0.00844486066657124
"2011-07-15",0.00613829760280749,0.00613829760280749
"2011-07-18",-0.000159312972045078,-0.000159312972045078
"2011-07-19",-0.0105305946020194,-0.0105305946020194
"2011-07-20",0,0.00110452511584702
"2011-07-21",0,-0.0133366051207544
"2011-07-22",0,0.00345916600909768
"2011-07-25",0,-0.0389944465524734
"2011-07-26",0,0.00425685927793884
"2011-07-27",0.0166207316762705,0.0166207316762705
"2011-07-28",-0.00625851889235784,-0.00625851889235784
"2011-07-29",-0.011232882537168,-0.011232882537168
"2011-08-01",0.00348722702269644,0.00348722702269644
"2011-08-02",0,-0.00725165050778886
"2011-08-03",0,0.00312094705400057
"2011-08-04",0,0.00524305019489568
"2011-08-05",0,-0.0194432848361866
"2011-08-08",0,-0.0500655848677941
"2011-08-09",0,-0.00315417342790825
"2011-08-10",0,0.0142664888944546
"2011-08-11",0.0172859517869721,0.0172859517869721
"2011-08-12",0.0115616280495079,0.0115616280495079
"2011-08-15",0.0146097669556084,0.0146097669556084
"2011-08-16",-0.00839946446854734,-0.00839946446854734
"2011-08-17",-0.00437648342578156,-0.00437648342578156
"2011-08-18",-0.0171441995064989,-0.0171441995064989
"2011-08-19",-0.0092603861952536,-0.0092603861952536
"2011-08-22",-0.00706708934800437,-0.00706708934800437
"2011-08-23",0.0162604603290053,0.0162604603290053
"2011-08-24",-0.00156485341396984,-0.00156485341396984
"2011-08-25",0.0208198768269221,0.0208198768269221
"2011-08-26",0.00226761373104423,0.00226761373104423
"2011-08-29",-0.00888659285439519,-0.00888659285439519
"2011-08-30",-0.00855871474662528,-0.00855871474662528
"2011-08-31",0,-0.0047599475207718
"2011-09-01",0,-0.00800579648570088
"2011-09-02",0,-0.0113968599614273
"2011-09-06",-0.0322372029766561,-0.0322372029766561
"2011-09-07",0.0241265565448658,0.0241265565448658
"2011-09-08",-0.0107306399868111,-0.0107306399868111
"2011-09-09",-0.00619696439037742,-0.00619696439037742
"2011-09-14",-0.00510658424585342,-0.00510658424585342
"2011-09-15",0.000800069715606755,0.000800069715606755
"2011-09-16",-0.000161309104036667,-0.000161309104036667
"2011-09-19",-0.0196781834315347,-0.0196781834315347
"2011-09-20",0.0048331517159852,0.0048331517159852
"2011-09-21",0.0296831527046317,0.0296831527046317
"2011-09-22",-0.0288391588727156,-0.0288391588727156
"2011-09-23",0,-0.00820607884720903
"2011-09-26",0,-0.0161011045381682
"2011-09-27",0,0.00414668349610947
"2011-09-28",0,-0.0168254982399444
"2011-09-30",0,-0.0357394662140496
"2011-10-10",0,-0.00628754663223574
"2011-10-11",-0.00382249097326115,-0.00382249097326115
"2011-10-12",0.0347649123027634,0.0347649123027634
"2011-10-13",0,0.0129573286446856
"2011-10-14",0,-0.00416307436354768
"2011-10-17",0,0.00299358387414972
"2011-10-18",0,-0.03004663340208
"2011-10-19",0,-0.0058937026049396
"2011-10-20",0,-0.0295005148757302
"2011-10-21",0,-0.0183853902290553
"2011-10-24",0,0.0177193125179778
"2011-10-25",0.0284256949788022,0.0284256949788022
"2011-10-26",0.0107754926537984,0.0107754926537984
"2011-10-27",0.00118422698921394,0.00118422698921394
"2011-10-28",0.023093399423731,0.023093399423731
"2011-10-31",0.00516738735834443,0.00516738735834443
"2011-11-01",0.000117518404690431,0.000117518404690431
"2011-11-02",0.0182382750829262,0.0182382750829262
"2011-11-03",0.00609902825725861,0.00609902825725861
"2011-11-04",0.00817791770314602,0.00817791770314602
"2011-11-07",-0.00396017516134795,-0.00396017516134795
"2011-11-08",-0.0139060024651916,-0.0139060024651916
"2011-11-09",0.0168697861042715,0.0168697861042715
"2011-11-10",-0.0149369850709921,-0.0149369850709921
"2011-11-11",-0.000548670605925339,-0.000548670605925339
"2011-11-14",0.0239848950614674,0.0239848950614674
"2011-11-15",0.00795755295076295,0.00795755295076295
"2011-11-16",-0.0248886743168707,-0.0248886743168707
"2011-11-17",-0.00214758108714985,-0.00214758108714985
"2011-11-18",-0.0285032142095086,-0.0285032142095086
"2011-11-21",0.000852833575832435,0.000852833575832435
"2011-11-22",-0.00219581340334607,-0.00219581340334607
"2011-11-23",-0.00384797122341818,-0.00384797122341818
"2011-11-25",0,-0.00794886666441952
"2011-11-28",0,0.00100732131554415
"2011-11-29",0,0.0166832687109999
"2011-11-30",0,-0.0403655715017095
"2011-12-01",0,0.0201783276463907
"2011-12-02",0,-0.0205233743055899
"2011-12-05",0,-0.0326981112867021
"2011-12-06",0,-0.000116460749844172
"2011-12-07",0,0.00278996633590078
"2011-12-08",0,-0.000542935252104026
"2011-12-09",0,-0.00979705802938369
"2011-12-12",0,-0.0130327746196401
"2011-12-13",0,-0.0347585379772808
"2011-12-14",0,-0.0191754520050786
"2011-12-15",0,-0.0274283116083579
"2011-12-16",0,0.0293251085649235
"2011-12-19",0,0.00222921778783114
"2011-12-20",0,-0.00302778810413462
"2011-12-21",0,-0.0239600526860569
"2011-12-22",0,-0.0130684531286293
"2011-12-23",0,0.00869125013180394
"2011-12-28",0,-0.0360612971184295
"2011-12-29",0,-6.85925253874897e-05
"2011-12-30",0,0.0185801859987285
"2012-01-04",0,-0.0228176456240095
"2012-01-05",0,-0.0369208983689856
"2012-01-06",0,0.00428705771089155
"2012-01-09",0,0.0405985322993925
"2012-01-10",0,0.0412368883734879
"2012-01-11",0,0.000403540793570523
"2012-01-12",0,-0.000277882683880293
"2012-01-13",0,-0.0335075808510084
"2012-01-17",0,0.0220119374609815
"2012-01-18",-0.0202821287875143,-0.0202821287875143
"2012-01-19",0.010164152628767,0.010164152628767
"2012-01-20",0.0137093513977156,0.0137093513977156
"2012-01-30",-0.00699420866197453,-0.00699420866197453
"2012-01-31",0.000631755470138495,0.000631755470138495
"2012-02-01",-0.00857795896722013,-0.00857795896722013
"2012-02-02",0.0189576366343331,0.0189576366343331
"2012-02-03",0.0164956509763814,0.0164956509763814
"2012-02-06",0.00867855892980041,0.00867855892980041
"2012-02-07",-0.0162846784818331,-0.0162846784818331
"2012-02-08",0.0264177017219205,0.0264177017219205
"2012-02-09",0.00706134440455708,0.00706134440455708
"2012-02-10",0.00529705855559492,0.00529705855559492
"2012-02-13",0.0090733698343799,0.0090733698343799
"2012-02-14",0.00134947722195555,0.00134947722195555
"2012-02-15",0.0151845727314217,0.0151845727314217
"2012-02-16",-0.000265500428898169,-0.000265500428898169
"2012-02-17",-0.00332382815564503,-0.00332382815564503
"2012-02-21",0.0148626628360666,0.0148626628360666
"2012-02-22",0.0195395617424692,0.0195395617424692
"2012-02-23",0.00322309623063943,0.00322309623063943
"2012-02-24",0.0151125805501029,0.0151125805501029
"2012-02-27",0.00199903169957638,0.00199903169957638
"2012-02-28",-0.00498096625733535,-0.00498096625733535
"2012-02-29",-0.0131995583020388,-0.0131995583020388
"2012-03-01",0.00528389168354204,0.00528389168354204
"2012-03-02",0.0211940237615416,0.0211940237615416
"2012-03-05",0.00104363762607096,0.00104363762607096
"2012-03-06",-0.00994897788529114,-0.00994897788529114
"2012-03-07",-0.0074137308849177,-0.0074137308849177
"2012-03-08",0,0.0158383593984275
"2012-03-09",0,0.0148424367954041
"2012-03-12",0,0.00597955903996761
"2012-03-13",0,0.0100591042050295
"2012-03-14",0,-0.0449456019722887
"2012-03-15",0,-0.0121333995541801
"2012-03-16",0,0.0264596731517737
"2012-03-19",0.0113769008133882,0.0113769008133882
"2012-03-20",-0.0217823848110894,-0.0217823848110894
"2012-03-21",0.00367564611390025,0.00367564611390025
"2012-03-22",0,-0.00469674647231066
"2012-03-23",0,-0.0193085161494521
"2012-03-26",0,-0.00104901012076974
"2012-03-27",0,-0.00365493019085628
"2012-03-28",0,-0.044586736794565
"2012-03-29",0,-0.0184268812556057
"2012-03-30",0,-0.00258049461941456
"2012-04-05",0,0.0335659050219175
"2012-04-18",0,0.0516685308113169
"2012-04-19",0,-0.00250671747336517
"2012-04-20",0,0.00854587821665254
"2012-04-23",-0.0119902471240054,-0.0119902471240054
"2012-04-24",-0.00681823720567809,-0.00681823720567809
"2012-04-25",0.0143219502725993,0.0143219502725993
"2012-04-26",-0.00507675632285409,-0.00507675632285409
"2012-04-27",-0.0095647874708249,-0.0095647874708249
"2012-05-02",0.0146317239406522,0.0146317239406522
"2012-05-03",0.0041847531827548,0.0041847531827548
"2012-05-08",0.0132973731404384,0.0132973731404384
"2012-05-09",-0.0174443039068543,-0.0174443039068543
"2012-05-14",-0.00198253101736356,-0.00198253101736356
"2012-05-15",-0.00113743504731978,-0.00113743504731978
"2012-05-16",-0.0122966752030909,-0.0122966752030909
"2012-05-17",0.0147200655254529,0.0147200655254529
"2012-05-18",-0.0157046355066391,-0.0157046355066391
"2012-05-21",-0.000631862633347358,-0.000631862633347358
"2012-05-22",0.0157381175367557,0.0157381175367557
"2012-05-23",-0.000573961576036175,-0.000573961576036175
"2012-05-24",-0.0083123927327009,-0.0083123927327009
"2012-05-25",-0.0115739417253291,-0.0115739417253291
"2012-05-29",0.0303010298796995,0.0303010298796995
"2012-05-30",0,0.00174601106552297
"2012-05-31",0.000365117344232058,0.000365117344232058
"2012-06-01",-0.00243766655072808,-0.00243766655072808
"2012-06-05",-0.0338715532807887,-0.0338715532807887
"2012-06-06",0,-0.00482362705184103
"2012-06-07",-0.0052830981520503,-0.0052830981520503
"2012-06-08",-0.00474150665433026,-0.00474150665433026
"2012-06-11",0.0185597725355893,0.0185597725355893
"2012-06-12",-0.0060380512634528,-0.0060380512634528
"2012-06-13",0.0184264999420169,0.0184264999420169
"2012-06-14",-0.00603285017363064,-0.00603285017363064
"2012-06-15",-0.00101842206519542,-0.00101842206519542
"2012-06-18",0.00979449094079077,0.00979449094079077
"2012-06-19",-0.00726511845727307,-0.00726511845727307
"2012-06-20",-0.00597874217399419,-0.00597874217399419
"2012-06-21",-0.0124446861381685,-0.0124446861381685
"2012-06-25",-0.027213687822075,-0.027213687822075
"2012-06-26",-0.00090177314525608,-0.00090177314525608
"2012-06-27",-0.00388828529897101,-0.00388828529897101
"2012-06-28",-0.0139742267378895,-0.0139742267378895
"2012-06-29",0.0125881760212416,0.0125881760212416
"2012-07-05",-0.0152032431004614,-0.0152032431004614
"2012-07-06",0.0199959043815729,0.0199959043815729
"2012-07-09",-0.0251681463611831,-0.0251681463611831
"2012-07-10",-0.00974755720806708,-0.00974755720806708
"2012-07-11",0.0114182313161937,0.0114182313161937
"2012-07-13",0.00910078965211092,0.00910078965211092
"2012-07-17",-0.0293413835088796,-0.0293413835088796
"2012-07-18",0.00556640240310746,0.00556640240310746
"2012-07-19",0.011873481598121,0.011873481598121
"2012-07-20",-0.00670565356775765,-0.00670565356775765
"2012-07-23",-0.00951063913855632,-0.00951063913855632
"2012-07-24",0.00695954913540975,0.00695954913540975
"2012-07-25",-0.00862815344430667,-0.00862815344430667
"2012-07-26",-0.00892833030748585,-0.00892833030748585
"2012-07-27",-0.0056777923260557,-0.0056777923260557
"2012-07-30",-0.0201425876116034,-0.0201425876116034
"2012-07-31",-0.0181075083450734,-0.0181075083450734
"2012-08-01",0.0180394349238677,0.0180394349238677
"2012-08-02",-0.00631805489744974,-0.00631805489744974
"2012-08-03",0.0200259083766545,0.0200259083766545
"2012-08-06",0.0237464187297378,0.0237464187297378
"2012-08-07",0.00928303732671165,0.00928303732671165
"2012-08-08",-0.00349142698167471,-0.00349142698167471
"2012-08-09",0.0144704731026162,0.0144704731026162
"2012-08-10",-0.00270479773799348,-0.00270479773799348
"2012-08-13",-0.022895593076302,-0.022895593076302
"2012-08-14",0.00949037066130165,0.00949037066130165
"2012-08-15",-0.0115685807855536,-0.0115685807855536
"2012-08-16",-0.00725193590344098,-0.00725193590344098
"2012-08-17",-1.52116677138991e-05,-1.52116677138991e-05
"2012-08-20",0.000809302790004685,0.000809302790004685
"2012-08-21",0.0140783838679868,0.0140783838679868
"2012-08-22",-0.00888555805096447,-0.00888555805096447
"2012-08-23",0.00661804941455713,0.00661804941455713
"2012-08-24",-0.0187019785510273,-0.0187019785510273
"2012-08-27",-0.0249314865027982,-0.0249314865027982
"2012-08-28",0.00523186954416421,0.00523186954416421
"2012-08-29",-0.00670105170066349,-0.00670105170066349
"2012-08-30",-0.015738125374454,-0.015738125374454
"2012-08-31",0.00319539891478815,0.00319539891478815
"2012-09-04",0.00806816307400604,0.00806816307400604
"2012-09-05",0.00536205844405035,0.00536205844405035
"2012-09-06",0.011358349527604,0.011358349527604
"2012-09-07",0.0362716527061895,0.0362716527061895
"2012-09-10",0.00868154420173917,0.00868154420173917
"2012-09-11",-0.00401949006247093,-0.00401949006247093
"2012-09-12",0.00776994040990231,0.00776994040990231
"2012-09-13",-0.0138679904362148,-0.0138679904362148
"2012-09-14",0.00262517651594862,0.00262517651594862
"2012-09-17",-0.0300595560311054,-0.0300595560311054
"2012-09-18",-0.00415109488013876,-0.00415109488013876
"2012-09-19",0.0098037994465312,0.0098037994465312
"2012-09-20",-0.028904716157728,-0.028904716157728
"2012-09-21",-0.00570884662695748,-0.00570884662695748
"2012-09-24",0.00745933958424816,0.00745933958424816
"2012-09-25",-0.00718309107673443,-0.00718309107673443
"2012-09-26",-0.0230313475945607,-0.0230313475945607
"2012-09-27",0.0224903077692769,0.0224903077692769
"2012-09-28",0.0186782888089125,0.0186782888089125
"2012-10-08",-0.00511915042879851,-0.00511915042879851
"2012-10-09",0.0258373984287772,0.0258373984287772
"2012-10-10",0.00958470427749392,0.00958470427749392
"2012-10-11",-0.0148259583648314,-0.0148259583648314
"2012-10-12",-0.0023521882138513,-0.0023521882138513
"2012-10-15",-0.00531107225197858,-0.00531107225197858
"2012-10-16",0.00311492634024657,0.00311492634024657
"2012-10-17",0.00233512642054623,0.00233512642054623
"2012-10-18",0.0166811682326145,0.0166811682326145
"2012-10-19",-0.00284991071258089,-0.00284991071258089
"2012-10-22",0.00396901576418895,0.00396901576418895
"2012-10-24",-0.0122995680590525,-0.0122995680590525
"2012-10-25",-0.00974548092152272,-0.00974548092152272
"2012-10-26",-0.0194906038579989,-0.0194906038579989
"2012-10-31",0.00152056864739158,0.00152056864739158
"2012-11-01",0.0189672037515589,0.0189672037515589
"2012-11-02",0.00661671177536904,0.00661671177536904
"2012-11-05",-0.00436983563889903,-0.00436983563889903
"2012-11-06",-0.00682770129022225,-0.00682770129022225
"2012-11-07",-0.00128218616804521,-0.00128218616804521
"2012-11-08",-0.024794804685968,-0.024794804685968
"2012-11-09",-0.00402291681569211,-0.00402291681569211
"2012-11-12",0.00620151524586299,0.00620151524586299
"2012-11-13",-0.0204667269395784,-0.0204667269395784
"2012-11-14",0.00297188961402295,0.00297188961402295
"2012-11-15",-0.0176584188597217,-0.0176584188597217
"2012-11-16",-0.00584437782511393,-0.00584437782511393
"2012-11-19",0.00232956055079203,0.00232956055079203
"2012-11-20",-0.00397193739455681,-0.00397193739455681
"2012-11-21",0.0103522430334362,0.0103522430334362
"2012-11-23",0,-0.00982446478459131
"2012-11-26",0,-0.0116920544391702
"2012-11-27",0,-0.035736889848471
"2012-11-28",0,-0.0222158605683245
"2012-11-29",0,-0.00941247021258607
"2012-11-30",0,0.0152982143141529
"2012-12-03",-0.0239613439562401,-0.0239613439562401
"2012-12-04",0,0.0124694002123564
"2012-12-05",0.0369259293142363,0.0369259293142363
"2012-12-06",-0.000637519677941456,-0.000637519677941456
"2012-12-07",0.0228266342392967,0.0228266342392967
"2012-12-10",0.0176395418861583,0.0176395418861583
"2012-12-11",0,-0.00672833270093665
"2012-12-12",0.000288394063546082,0.000288394063546082
"2012-12-13",-0.0132790677411224,-0.0132790677411224
"2012-12-14",0.0417731239994592,0.0417731239994592
"2012-12-17",0.00836532092071285,0.00836532092071285
"2012-12-18",-0.00171416655000411,-0.00171416655000411
"2012-12-19",0.00405302917779382,0.00405302917779382
"2012-12-20",0.00315253881460476,0.00315253881460476
"2012-12-21",-0.00250574159487271,-0.00250574159487271
"2012-12-24",0.00536266395754903,0.00536266395754903
"2012-12-27",0.0262308755338037,0.0262308755338037
"2012-12-28",0.0111643142737017,0.0111643142737017
"2012-12-31",0.0125680016603136,0.0125680016603136
"2013-01-04",-0.00537568745641992,-0.00537568745641992
"2013-01-07",0.00924422687993109,0.00924422687993109
"2013-01-08",0.0117596248661662,0.0117596248661662
"2013-01-09",0.00238951193185621,0.00238951193185621
"2013-01-10",0.00640481646417457,0.00640481646417457
"2013-01-11",-0.0253757795071362,-0.0253757795071362
"2013-01-14",0.0347183585715174,0.0347183585715174
"2013-01-15",0.0194785432017668,0.0194785432017668
"2013-01-16",-3.47756123537657e-05,-3.47756123537657e-05
"2013-01-17",-0.0123284337602941,-0.0123284337602941
"2013-01-18",0.0166166864994637,0.0166166864994637
"2013-01-22",-0.00843375233187882,-0.00843375233187882
"2013-01-23",0.00183965296125654,0.00183965296125654
"2013-01-24",-0.0209254009520339,-0.0209254009520339
"2013-01-25",-0.00168262719686041,-0.00168262719686041
"2013-01-28",0.0254840866382966,0.0254840866382966
"2013-01-29",0.00948753413409542,0.00948753413409542
"2013-01-30",0.00518590060080415,0.00518590060080415
"2013-01-31",-0.00598186658335809,-0.00598186658335809
"2013-02-01",0.00806692735448,0.00806692735448
"2013-02-04",-0.00665676472079346,-0.00665676472079346
"2013-02-05",0.0104151117719999,0.0104151117719999
"2013-02-06",0.00674307233527527,0.00674307233527527
"2013-02-07",0.00374676654180894,0.00374676654180894
"2013-02-08",0.0143127378733003,0.0143127378733003
"2013-02-19",-0.0130882135716036,-0.0130882135716036
"2013-02-20",0.0207841947051124,0.0207841947051124
"2013-02-21",-0.0206470852103203,-0.0206470852103203
"2013-02-22",-0.00335924844367297,-0.00335924844367297
"2013-02-25",0.0110558118532569,0.0110558118532569
"2013-02-26",-0.0151605952550881,-0.0151605952550881
"2013-02-27",0.000764179428211387,0.000764179428211387
"2013-02-28",0.020447410893571,0.020447410893571
"2013-03-01",0.0111468320616299,0.0111468320616299
"2013-03-04",-0.0355496349823419,-0.0355496349823419
"2013-03-05",0.0225081840633787,0.0225081840633787
"2013-03-06",0.0155673286647788,0.0155673286647788
"2013-03-07",-0.0121211962750276,-0.0121211962750276
"2013-03-08",-0.0108764307447795,-0.0108764307447795
"2013-03-11",0.000204460199176415,0.000204460199176415
"2013-03-12",-0.0251826460005385,-0.0251826460005385
"2013-03-13",-0.00914345195442867,-0.00914345195442867
"2013-03-14",0.00449360099094842,0.00449360099094842
"2013-03-15",0.00183557657744782,0.00183557657744782
"2013-03-18",-0.0127016222979416,-0.0127016222979416
"2013-03-19",0.00319510296121828,0.00319510296121828
"2013-03-20",0.0260902190823487,0.0260902190823487
"2013-03-21",0.010559078071581,0.010559078071581
"2013-03-22",0.00417950000536682,0.00417950000536682
"2013-03-25",-0.00318442881369019,-0.00318442881369019
"2013-03-26",-0.00692443958610567,-0.00692443958610567
"2013-03-27",0.0023844390870118,0.0023844390870118
"2013-03-28",-0.029074447893873,-0.029074447893873
"2013-04-02",-0.00593798741707419,-0.00593798741707419
"2013-04-03",-0.00912060643011037,-0.00912060643011037
"2013-04-08",0.00409156832651369,0.00409156832651369
"2013-04-09",0.00974457180269495,0.00974457180269495
"2013-04-10",-0.00206133535447506,-0.00206133535447506
"2013-04-11",-0.00408754651071008,-0.00408754651071008
"2013-04-12",-0.00838391910202629,-0.00838391910202629
"2013-04-15",-0.0140432226107158,-0.0140432226107158
"2013-04-16",0.010825104524796,0.010825104524796
"2013-04-17",0.0086725704182895,0.0086725704182895
"2013-04-18",0.00310336911048847,0.00310336911048847
"2013-04-19",0.0211013122317489,0.0211013122317489
"2013-04-22",0.00468637280093676,0.00468637280093676
"2013-04-23",-0.0271014513097662,-0.0271014513097662
"2013-04-24",0.0199388256635133,0.0199388256635133
"2013-04-25",-0.015258698103689,-0.015258698103689
"2013-04-26",-0.0185434520467551,-0.0185434520467551
"2013-05-02",0.00464105378991886,0.00464105378991886
"2013-05-03",0.019282378958241,0.019282378958241
"2013-05-06",0.0190857843186913,0.0190857843186913
"2013-05-07",0.00199746210778562,0.00199746210778562
"2013-05-08",0.00919215724920197,0.00919215724920197
"2013-05-09",0.000540259151604827,0.000540259151604827
"2013-05-10",0.00606338412019847,0.00606338412019847
"2013-05-13",0.00375419664130638,0.00375419664130638
"2013-05-14",-0.0115463013431939,-0.0115463013431939
"2013-05-15",0.0134702613920614,0.0134702613920614
"2013-05-16",0.0107419563827158,0.0107419563827158
"2013-05-20",0.0280547348368343,0.0280547348368343
"2013-05-21",0.0131924282008593,0.0131924282008593
"2013-05-22",-0.00823593979895909,-0.00823593979895909
"2013-05-23",-0.00842414705852301,-0.00842414705852301
"2013-05-24",0.0155307267745928,0.0155307267745928
"2013-05-28",0.0120859744791713,0.0120859744791713
"2013-05-29",0.00745601826091935,0.00745601826091935
"2013-05-30",0.00228456184309778,0.00228456184309778
"2013-05-31",-0.00618607891829637,-0.00618607891829637
"2013-06-03",-0.00695352052659126,-0.00695352052659126
"2013-06-04",-0.0196067119640981,-0.0196067119640981
"2013-06-05",0,0.00412597767474998
"2013-06-06",0,-0.0176850461559707
"2013-06-07",0,-0.0196625404823815
"2013-06-13",-0.0279740395816706,-0.0279740395816706
"2013-06-14",0,0.0198944541587549
"2013-06-17",0,0.00234032024793751
"2013-06-18",0,0.0034480165672286
"2013-06-19",0,-0.00622892304008416
"2013-06-20",0,-0.0330142602929925
"2013-06-21",0,-0.0053448777282975
"2013-06-24",0,-0.0619530650005855
"2013-06-25",0,-0.00427781269554572
"2013-06-26",0,0.0207167770809884
"2013-06-27",-0.0160081803348351,-0.0160081803348351
"2013-06-28",0,0.000853638313233152
"2013-07-02",0,0.0380317554066385
"2013-07-03",0,0.00152721739538442
"2013-07-05",0,0.00218478211883477
"2013-07-08",0,-0.038869593489938
"2013-07-09",0,0.00599602504451213
"2013-07-10",0,0.0311327617344372
"2013-07-11",0,0.0281073362950157
"2013-07-12",-0.00889498562760693,-0.00889498562760693
"2013-07-15",0.0199407913828911,0.0199407913828911
"2013-07-16",0.012271571869191,0.012271571869191
"2013-07-17",-0.0144896804983203,-0.0144896804983203
"2013-07-18",-0.0011104508292763,-0.0011104508292763
"2013-07-19",-0.0249597842497455,-0.0249597842497455
"2013-07-22",0.0197300777246689,0.0197300777246689
"2013-07-23",0.0241789167517459,0.0241789167517459
"2013-07-24",0.00601133456513847,0.00601133456513847
"2013-07-25",-0.0190787038474872,-0.0190787038474872
"2013-07-26",-0.00116630159801068,-0.00116630159801068
"2013-07-29",-0.0193379804282882,-0.0193379804282882
"2013-07-30",-0.00448550877558351,-0.00448550877558351
"2013-07-31",0.0057222928592966,0.0057222928592966
"2013-08-01",0.0263529153730628,0.0263529153730628
"2013-08-02",0.00353861571401004,0.00353861571401004
"2013-08-05",0.0166769965164228,0.0166769965164228
"2013-08-06",0.0107389203547081,0.0107389203547081
"2013-08-07",-0.00958382060144891,-0.00958382060144891
"2013-08-08",0.00264993173577666,0.00264993173577666
"2013-08-09",0.00357474673411318,0.00357474673411318
"2013-08-12",0.015878454063043,0.015878454063043
"2013-08-13",0.00526358799479265,0.00526358799479265
"2013-08-16",-0.0382081151382085,-0.0382081151382085
"2013-08-19",0.0153839664207704,0.0153839664207704
"2013-08-20",-0.00260180707918545,-0.00260180707918545
"2013-08-21",0.00773966258935599,0.00773966258935599
"2013-08-22",0.00247277727462358,0.00247277727462358
"2013-08-23",-0.0023374319484829,-0.0023374319484829
"2013-08-26",0.0208436121829945,0.0208436121829945
"2013-08-27",0.00769793703023325,0.00769793703023325
"2013-08-28",-0.00755070950812731,-0.00755070950812731
"2013-08-29",-0.000766754555880045,-0.000766754555880045
"2013-08-30",-0.00997816928262163,-0.00997816928262163
"2013-09-03",0.022029665927916,0.022029665927916
"2013-09-05",0.00472646583672232,0.00472646583672232
"2013-09-06",0.00804237555853393,0.00804237555853393
"2013-09-09",0.0103089253724682,0.0103089253724682
"2013-09-10",0.0101750286714166,0.0101750286714166
"2013-09-11",-0.00947061604124078,-0.00947061604124078
"2013-09-12",0.00281931808719382,0.00281931808719382
"2013-09-13",0.00123534757118526,0.00123534757118526
"2013-09-16",0.00114031390298419,0.00114031390298419
"2013-09-17",-0.0176222884693875,-0.0176222884693875
"2013-09-18",0.00946308922136208,0.00946308922136208
"2013-09-23",0.0202793216172907,0.0202793216172907
"2013-09-24",0.000997530056710216,0.000997530056710216
"2013-09-27",-0.0206890188609057,-0.0206890188609057
"2013-09-30",0.0131135618587279,0.0131135618587279
"2013-10-08",0.0168298090705865,0.0168298090705865
"2013-10-09",0.0109165148292008,0.0109165148292008
"2013-10-10",-0.00538298850243624,-0.00538298850243624
"2013-10-11",0.0169940120957588,0.0169940120957588
"2013-10-22",-9.9331741154729e-05,-9.9331741154729e-05
"2013-10-23",0,-0.0254065543005974
"2013-10-24",0,-0.00664080978747439
"2013-10-25",0,-0.0195938594519994
"2013-10-29",0,-0.0308547328765808
"2013-10-30",0.0163586095073125,0.0163586095073125
"2013-10-31",-0.0134468518186059,-0.0134468518186059
"2013-11-01",-0.00306422136401141,-0.00306422136401141
"2013-11-04",0.00695215291836315,0.00695215291836315
"2013-11-05",0.0131994341174686,0.0131994341174686
"2013-11-06",-0.0106660657863112,-0.0106660657863112
"2013-11-07",-0.0139332272496665,-0.0139332272496665
"2013-11-08",-0.0149523471670655,-0.0149523471670655
"2013-11-11",0.00438023758799755,0.00438023758799755
"2013-11-12",0.0095176964725483,0.0095176964725483
"2013-11-13",-0.0186874752689399,-0.0186874752689399
"2013-11-14",0.0133093010037655,0.0133093010037655
"2013-11-15",0.0209353981459319,0.0209353981459319
"2013-11-18",0.0244697514088932,0.0244697514088932
"2013-11-19",0.00326290258208073,0.00326290258208073
"2013-11-20",0.00994956185238638,0.00994956185238638
"2013-11-21",-0.0033955721086083,-0.0033955721086083
"2013-11-22",-0.00585966362921775,-0.00585966362921775
"2013-11-25",-0.000822324977865052,-0.000822324977865052
"2013-11-26",0,0.00158349826856674
"2013-11-27",0.0114596115748746,0.0114596115748746
"2013-11-29",0.0145587762540658,0.0145587762540658
"2013-12-02",-0.0444736697898649,-0.0444736697898649
"2013-12-03",0.0236258482527241,0.0236258482527241
"2013-12-04",0.018922474969393,0.018922474969393
"2013-12-05",-0.00108822768386452,-0.00108822768386452
"2013-12-06",-0.00253008592994575,-0.00253008592994575
"2013-12-09",0.00737984763019117,0.00737984763019117
"2013-12-10",0.000706740473819467,0.000706740473819467
"2013-12-11",-0.0110644493806613,-0.0110644493806613
"2013-12-12",0.00260572599621356,0.00260572599621356
"2013-12-13",0.00216239082023106,0.00216239082023106
"2013-12-16",0,-0.0172490648068815
"2013-12-17",0,-0.00614093385633352
"2013-12-18",2.60914634941933e-06,2.60914634941933e-06
"2013-12-19",-0.0101772543896238,-0.0101772543896238
"2013-12-20",-0.0126534254886994,-0.0126534254886994
"2013-12-23",-0.00113690958471713,-0.00113690958471713
"2013-12-24",0.00693609555039276,0.00693609555039276
"2013-12-27",0.0085095659238521,0.0085095659238521
"2013-12-30",0.00321776832974652,0.00321776832974652
"2013-12-31",0.00422239709593919,0.00422239709593919
"2014-01-02",0.00490454666046203,0.00490454666046203
"2014-01-03",-0.00820191904643663,-0.00820191904643663
"2014-01-06",-0.0276234692114256,-0.0276234692114256
"2014-01-07",0.00613328258844392,0.00613328258844392
"2014-01-08",0.00121864372003611,0.00121864372003611
"2014-01-09",-0.0112861507278502,-0.0112861507278502
"2014-01-10",-0.0182331265441877,-0.0182331265441877
"2014-01-13",0,-0.00457748435911365
"2014-01-14",0,0.0197977856834357
"2014-01-15",0.00668109148555796,0.00668109148555796
"2014-01-16",0.00166390712446041,0.00166390712446041
"2014-01-17",-0.0114126182238401,-0.0114126182238401
"2014-01-21",0.00767718321999733,0.00767718321999733
"2014-01-22",0.0267370422460163,0.0267370422460163
"2014-01-23",0.00696228519088793,0.00696228519088793
"2014-01-24",0.014947105666606,0.014947105666606
"2014-01-27",-0.000185439651650521,-0.000185439651650521
"2014-01-28",-0.0020968849743892,-0.0020968849743892
"2014-01-29",0.00894210111804061,0.00894210111804061
"2014-01-30",-0.00589236147294236,-0.00589236147294236
"2014-02-07",0.0185951588359856,0.0185951588359856
"2014-02-10",0.0295527421561779,0.0295527421561779
"2014-02-11",0.00141117019422299,0.00141117019422299
"2014-02-12",0.0110357375979264,0.0110357375979264
"2014-02-13",-0.0147839851982775,-0.0147839851982775
"2014-02-14",0.0171586598314935,0.0171586598314935
"2014-02-18",0,0.0177883772554206
"2014-02-19",6.89215243969699e-05,6.89215243969699e-05
"2014-02-20",-0.0140019339612388,-0.0140019339612388
"2014-02-21",-0.00654363546940673,-0.00654363546940673
"2014-02-24",-0.0039132246675645,-0.0039132246675645
"2014-02-25",-0.0351576679960406,-0.0351576679960406
"2014-02-26",0.00657336708825573,0.00657336708825573
"2014-02-27",-0.0132289058603291,-0.0132289058603291
"2014-02-28",0.0104708578982728,0.0104708578982728
"2014-03-03",0.0208429222200754,0.0208429222200754
"2014-03-04",0,0.000189711032435591
"2014-03-05",0,-0.00536756324968868
"2014-03-06",0,-0.00124325736357278
"2014-03-07",0,-0.00503625362474325
"2014-03-10",0,-0.037934428850618
"2014-03-11",0.0010413863368679,0.0010413863368679
"2014-03-12",0.000362294333262625,0.000362294333262625
"2014-03-13",0.0107329666369931,0.0107329666369931
"2014-03-14",-0.00465044815768312,-0.00465044815768312
"2014-03-17",0.0201003862187339,0.0201003862187339
"2014-03-18",0.00555814552381806,0.00555814552381806
"2014-03-19",-0.00213827335345629,-0.00213827335345629
"2014-03-20",-0.0261488643551979,-0.0261488643551979
"2014-03-21",0.0195558973528165,0.0195558973528165
"2014-03-24",0.00846829402273075,0.00846829402273075
"2014-03-25",0,0.00132468323446311
"2014-03-26",0.0025957494422888,0.0025957494422888
"2014-03-27",0,-0.0143596153384121
"2014-03-28",-0.019966835606146,-0.019966835606146
"2014-03-31",-0.00640314273751963,-0.00640314273751963
"2014-04-01",0.0153494042317557,0.0153494042317557
"2014-04-02",0.000653931757266468,0.000653931757266468
"2014-04-03",-0.00147615092551812,-0.00147615092551812
"2014-04-04",0.0110233353421143,0.0110233353421143
"2014-04-08",0.0107635242722204,0.0107635242722204
"2014-04-09",0.00927258513757501,0.00927258513757501
"2014-04-10",0.0050490846161737,0.0050490846161737
"2014-04-11",-0.00437006713406096,-0.00437006713406096
"2014-04-14",0,0.00749529405381355
"2014-04-15",0,-0.00726181291390171
"2014-04-16",0,-0.00050473527820083
"2014-04-17",0,-0.00122889209149846
"2014-04-22",-0.0168794557436056,-0.0168794557436056
"2014-04-23",0,-0.00456022845125315
"2014-04-24",0,-0.0112899162251311
"2014-04-25",0,-0.0216561428822687
"2014-04-28",0,-0.0305445345717688
"2014-04-29",0.0147479100248731,0.0147479100248731
"2014-04-30",0.00728550636632908,0.00728550636632908
"2014-05-05",0.00852855799716945,0.00852855799716945
"2014-05-07",-0.0127215140629228,-0.0127215140629228
"2014-05-08",0.00107734207457444,0.00107734207457444
"2014-05-09",-0.0101198449405815,-0.0101198449405815
"2014-05-12",0.026033228965332,0.026033228965332
"2014-05-13",-0.00153956709400094,-0.00153956709400094
"2014-05-14",0,-0.000811686205469009
"2014-05-15",0,-0.0187864766029956
"2014-05-16",-0.00152183321412536,-0.00152183321412536
"2014-05-19",-0.00571557401358502,-0.00571557401358502
"2014-05-20",0.00279325080383996,0.00279325080383996
"2014-05-21",0.00850981321149269,0.00850981321149269
"2014-05-22",-0.000317559270277878,-0.000317559270277878
"2014-05-23",0.0107897729267108,0.0107897729267108
"2014-05-27",0.00838756041059896,0.00838756041059896
"2014-05-28",0.011332209197606,0.011332209197606
"2014-05-29",-0.0102859190487748,-0.0102859190487748
"2014-05-30",0,0.0019283752667294
"2014-06-03",-0.00170268759993519,-0.00170268759993519
"2014-06-04",-0.00874508155741771,-0.00874508155741771
"2014-06-05",0.0112844359133406,0.0112844359133406
"2014-06-06",-0.00358032942200426,-0.00358032942200426
"2014-06-09",-0.00547359712001594,-0.00547359712001594
"2014-06-10",0.0112154806015259,0.0112154806015259
"2014-06-11",0.00469528797616547,0.00469528797616547
"2014-06-12",-0.00205803505345259,-0.00205803505345259
"2014-06-13",0.0107659265021767,0.0107659265021767
"2014-06-16",0.00601815149190821,0.00601815149190821
"2014-06-17",-0.00910349459242255,-0.00910349459242255
"2014-06-18",0,-0.00547515797971199
"2014-06-19",-0.0265441535662247,-0.0265441535662247
"2014-06-20",0.008959737866155,0.008959737866155
"2014-06-23",0.00700385833507933,0.00700385833507933
"2014-06-24",0.00611130363028511,0.00611130363028511
"2014-06-25",-0.00655605332618547,-0.00655605332618547
"2014-06-26",0.0125641378423422,0.0125641378423422
"2014-06-27",0.00708709366749694,0.00708709366749694
"2014-06-30",0.00914812808575305,0.00914812808575305
"2014-07-03",0.0241407429857825,0.0241407429857825
"2014-07-07",-0.00128369347924295,-0.00128369347924295
"2014-07-09",0,-0.00799354347780623
"2014-07-10",-5.02210946804471e-05,-5.02210946804471e-05
"2014-07-11",0.0119406359519669,0.0119406359519669
"2014-07-14",0.0151498227372573,0.0151498227372573
"2014-07-15",0.000564682049404741,0.000564682049404741
"2014-07-16",-0.00757126038491818,-0.00757126038491818
"2014-07-17",-0.00755270581114309,-0.00755270581114309
"2014-07-18",0.00274839672377647,0.00274839672377647
"2014-07-21",-0.00303770900906541,-0.00303770900906541
"2014-07-22",0.0131629883533413,0.0131629883533413
"2014-07-23",-0.0064114971006316,-0.0064114971006316
"2014-07-24",-0.000712329616911478,-0.000712329616911478
"2014-07-25",0.0087760411244715,0.0087760411244715
"2014-07-28",0.0192112076547648,0.0192112076547648
"2014-07-29",0.00947372780662192,0.00947372780662192
"2014-07-30",0.00165880001579399,0.00165880001579399
"2014-07-31",0.0100122427324925,0.0100122427324925
"2014-08-01",-0.0109982522808187,-0.0109982522808187
"2014-08-04",0.01630081038248,0.01630081038248
"2014-08-05",0.0049709623313634,0.0049709623313634
"2014-08-06",0.00662307093360104,0.00662307093360104
"2014-08-07",-0.00982072760524855,-0.00982072760524855
"2014-08-08",0.00597514271711796,0.00597514271711796
"2014-08-11",0.0151494774641336,0.0151494774641336
"2014-08-12",0.0052067390994226,0.0052067390994226
"2014-08-13",0.000454564413058689,0.000454564413058689
"2014-08-14",-0.00643144483941493,-0.00643144483941493
"2014-08-15",0.0114645019725734,0.0114645019725734
"2014-08-18",0.0135408851687595,0.0135408851687595
"2014-08-19",0.00298870924577965,0.00298870924577965
"2014-08-20",0.000102292378011404,0.000102292378011404
"2014-08-21",-0.000435807895674434,-0.000435807895674434
"2014-08-22",0.00585259755572953,0.00585259755572953
"2014-08-25",-0.00765411575359343,-0.00765411575359343
"2014-08-26",-0.0177284417752166,-0.0177284417752166
"2014-08-27",0.00309012344692561,0.00309012344692561
"2014-08-28",-0.00898396553121161,-0.00898396553121161
"2014-08-29",0.0105877224445097,0.0105877224445097
"2014-09-02",0.0334787753616592,0.0334787753616592
"2014-09-03",0.00708897477881631,0.00708897477881631
"2014-09-04",0.00853411929283165,0.00853411929283165
"2014-09-05",0.00399751266170623,0.00399751266170623
"2014-09-10",0.0093089634562884,0.0093089634562884
"2014-09-11",-0.00105522136126635,-0.00105522136126635
"2014-09-12",0.0110543388846631,0.0110543388846631
"2014-09-15",0.0106391695869894,0.0106391695869894
"2014-09-16",0,-0.0336990072735991
"2014-09-17",0.00871802066852667,0.00871802066852667
"2014-09-18",0.00703364235221704,0.00703364235221704
"2014-09-19",0.0084170192958466,0.0084170192958466
"2014-09-22",-0.0135540366337873,-0.0135540366337873
"2014-09-23",0.012832775672817,0.012832775672817
"2014-09-24",0.0128805109670569,0.0128805109670569
"2014-09-25",-0.000203501284533503,-0.000203501284533503
"2014-09-26",0.00315905595521815,0.00315905595521815
"2014-09-29",0.00983449037030204,0.00983449037030204
"2014-09-30",0.00793038995617645,0.00793038995617645
"2014-10-08",0.0157461576452138,0.0157461576452138
"2014-10-09",0.00209671300853453,0.00209671300853453
"2014-10-10",0,-0.00442645906880723
"2014-10-13",0,0.000166604945919691
"2014-10-14",0,-0.00333153994088953
"2014-10-15",0,0.00435554738811672
"2014-10-16",0,-0.0163341493925456
"2014-10-17",0,-0.00927594188339742
"2014-10-20",0,0.0140781317600027
"2014-10-21",0,-0.00915774674377312
"2014-10-22",0,-0.0119594107218289
"2014-10-23",-0.0145846846772459,-0.0145846846772459
"2014-10-24",0.00408813092000182,0.00408813092000182
"2014-10-27",0.00729893392212055,0.00729893392212055
"2014-10-28",0.0240023948557018,0.0240023948557018
"2014-10-29",0.0135615312377535,0.0135615312377535
"2014-10-30",0.000176291466463807,0.000176291466463807
"2014-10-31",-0.0012438340127956,-0.0012438340127956
"2014-11-03",0.00847902947128887,0.00847902947128887
"2014-11-04",-0.00501720159062891,-0.00501720159062891
"2014-11-05",-0.00160488597717923,-0.00160488597717923
"2014-11-06",0.00588736945609258,0.00588736945609258
"2014-11-07",-0.009472920099586,-0.009472920099586
"2014-11-10",0.0107991360640216,0.0107991360640216
"2014-11-11",0,-0.0297197376044569
"2014-11-12",0,0.0171874106004783
"2014-11-13",-0.00880295174316459,-0.00880295174316459
"2014-11-14",-0.00245038770700046,-0.00245038770700046
"2014-11-17",0.00995191051616384,0.00995191051616384
"2014-11-18",0.00185137747890174,0.00185137747890174
"2014-11-19",0.00351272764019028,0.00351272764019028
"2014-11-20",-0.00210025863254815,-0.00210025863254815
"2014-11-21",0.0110842414044159,0.0110842414044159
"2014-11-24",0.016372517877203,0.016372517877203
"2014-11-25",0.015038770685559,0.015038770685559
"2014-11-26",0.00485835391457479,0.00485835391457479
"2014-11-28",0.00595679939065219,0.00595679939065219
"2014-12-01",-0.00707875919677514,-0.00707875919677514
"2014-12-02",0.013348335580871,0.013348335580871
"2014-12-03",0,0.0116244697340835
"2014-12-04",0,0.0211556081500954
"2014-12-05",0,-0.0216564324312006
"2014-12-08",0,0.0147697086266143
"2014-12-09",-0.040139154821716,-0.040139154821716
"2014-12-10",0.0343938210279178,0.0343938210279178
"2014-12-11",0.0149494796587488,0.0149494796587488
"2014-12-12",0.00710613706219787,0.00710613706219787
"2014-12-15",0.0164567103502862,0.0164567103502862
"2014-12-16",0,0.00413532522108473
"2014-12-17",0,-0.0088109032306628
"2014-12-18",0,0.00013675721537032
"2014-12-19",0,-0.0061046588979381
"2014-12-22",0,-0.0396280307616805
"2014-12-23",0,-0.0210151911385803
"2014-12-24",0,0.0132178864241219
"2014-12-29",0.0200042945597034,0.0200042945597034
"2014-12-30",-0.0172422145756751,-0.0172422145756751
"2014-12-31",0.00902733448080539,0.00902733448080539
"2015-01-05",0.0177184176207936,0.0177184176207936
"2015-01-06",0.0116004738836633,0.0116004738836633
"2015-01-07",0,0.00152923644945302
"2015-01-08",0,-0.0080535840463305
"2015-01-09",0,-0.00642537527093789
"2015-01-12",-0.0142057950870729,-0.0142057950870729
"2015-01-13",0.0136659775535672,0.0136659775535672
"2015-01-14",-0.00469002387678663,-0.00469002387678663
"2015-01-15",0.012881663560276,0.012881663560276
"2015-01-16",0.0130444999343096,0.0130444999343096
"2015-01-20",-0.00862481290269923,-0.00862481290269923
"2015-01-21",0.0254325711084673,0.0254325711084673
"2015-01-22",0.0139833099789088,0.0139833099789088
"2015-01-23",-0.00999444637205027,-0.00999444637205027
"2015-01-26",0.0223120062371001,0.0223120062371001
"2015-01-27",0,0.00257684510007139
"2015-01-28",0,-0.00587132963459602
"2015-01-29",0,-0.00674399644419266
"2015-01-30",0,-0.0120114851892407
"2015-02-02",0,-0.00414363915058757
"2015-02-03",0,0.017486750045717
"2015-02-04",0,-0.00419800004209647
"2015-02-05",0,-0.00515525607382661
"2015-02-06",0,-0.0211222768943664
"2015-02-09",-0.00538773785118329,-0.00538773785118329
"2015-02-10",0.0137566598065553,0.0137566598065553
"2015-02-11",0.0109466555507203,0.0109466555507203
"2015-02-12",0.00701018658052122,0.00701018658052122
"2015-02-13",0.0154769821842455,0.0154769821842455
"2015-02-17",0.0245836995456727,0.0245836995456727
"2015-02-25",-0.000771430181106147,-0.000771430181106147
"2015-02-26",0.0106695290756615,0.0106695290756615
"2015-02-27",0.00819155881439948,0.00819155881439948
"2015-03-02",0.020159641706458,0.020159641706458
"2015-03-03",-0.00344148569882952,-0.00344148569882952
"2015-03-04",0.0149967480225714,0.0149967480225714
"2015-03-05",-0.000230258551239593,-0.000230258551239593
"2015-03-06",-0.0122338736171413,-0.0122338736171413
"2015-03-09",0.0129153128210531,0.0129153128210531
"2015-03-10",0.0103424848620648,0.0103424848620648
"2015-03-11",-0.00216681583862322,-0.00216681583862322
"2015-03-12",-0.000439094544928298,-0.000439094544928298
"2015-03-13",0.0110924035997777,0.0110924035997777
"2015-03-16",0.0281228753322209,0.0281228753322209
"2015-03-17",0.0148491042443188,0.0148491042443188
"2015-03-18",0.0160535513298976,0.0160535513298976
"2015-03-19",0.00787080223880587,0.00787080223880587
"2015-03-20",0.00983397929079666,0.00983397929079666
"2015-03-23",0.0229707280746978,0.0229707280746978
"2015-03-24",0.00391981184903112,0.00391981184903112
"2015-03-25",0.0107095046854084,0.0107095046854084
"2015-03-26",-0.00673289183222958,-0.00673289183222958
"2015-03-27",0.0110012223580398,0.0110012223580398
"2015-03-30",0.0119256979555946,0.0119256979555946
"2015-03-31",0.000977570194971022,0.000977570194971022
"2015-04-01",0.0228962074765342,0.0228962074765342
"2015-04-02",0,0.0174508035856362
"2015-04-07",0.0385778333854656,0.0385778333854656
"2015-04-08",-0.00677642806947099,-0.00677642806947099
"2015-04-09",0,-0.00763127305806832
"2015-04-10",0,0.0256162151150947
"2015-04-13",0,0.0206564377575846
"2015-04-14",0,-0.000340549744587526
"2015-04-15",0,-0.037035234572708
"2015-04-16",0,0.013443169757922
"2015-04-17",0,0.00857727023388022
"2015-04-20",-0.0169097651421508,-0.0169097651421508
"2015-04-21",0.0355580143841474,0.0355580143841474
"2015-04-22",0.025594949004371,0.025594949004371
"2015-04-23",0,0.010181370459819
"2015-04-24",0.0016876054753423,0.0016876054753423
"2015-04-27",0.0104361662298764,0.0104361662298764
"2015-04-28",0,-0.0271409383539438
"2015-04-29",0,0.0192811235420138
"2015-04-30",0,0.00541802895843069
"2015-05-04",0,0.00390225773483222
"2015-05-05",0,-0.0342896807033781
"2015-05-06",0,-0.013321194115674
"2015-05-07",0,-0.0209314749162255
"2015-05-08",0,0.0357142857142858
"2015-05-11",0,0.0414272030651341
"2015-05-12",0,0.0210163255920901
"2015-05-13",0.0087379515358974,0.0087379515358974
"2015-05-14",-0.00111627076263621,-0.00111627076263621
"2015-05-15",-0.00759912386571893,-0.00759912386571893
"2015-05-18",0.016170442772848,0.016170442772848
"2015-05-19",0,0.0226950354609929
"2015-05-20",0,0.0157766990291262
"2015-05-21",0,0.0352449223416966
"2015-05-22",0,0.0155387024977331
"2015-05-26",0,0.0578757254758715
"2015-05-27",0,0.0112794935737579
"2015-05-28",0,-0.0573997496111385
"2015-05-29",0,0.00973999839008299
"2015-06-01",0,0.0497448979591837
"2015-06-02",0,0.0366418590522479
"2015-06-03",0,0.00824145635690998
"2015-06-04",0,-0.00036329288672543
"2015-06-05",0.0156272714057277,0.0156272714057277
"2015-06-08",-0.00987618979460392,-0.00987618979460392
"2015-06-09",-0.00148174918684485,-0.00148174918684485
"2015-06-10",0,0.0178797640160699
"2015-06-11",0,0.0134765138854318
"2015-06-12",0,0.0166654971580942
"2015-06-15",0,-0.0184974289954101
"2015-06-16",0,-0.0388172005203756
"2015-06-17",0,0.019936350001829
"2015-06-18",0,-0.03123879205222
"2015-06-19",0,-0.0655658805671763
"2015-06-23",0,0.0049524564183836
"2015-06-24",0,0.0208555095604177
"2015-06-25",0,-0.0337916119564378
"2015-06-26",0,-0.0842559654662456
"2015-06-29",0,-0.0662563833966218
"2015-06-30",0,0.0485672883653532
"2015-07-01",0,-0.0538962196861625
"2015-07-02",0,-0.0657305753192292
"2015-07-06",0,-0.0690437764777082
"2015-07-07",0,-0.0632753670296332
"2015-07-08",0,-0.0235382568966516
"2015-07-09",0,0.0445984363894814
"2015-07-10",0,0.0490446221012644
"2015-07-13",0,0.0541563074262241
"2015-07-14",0,0.0163556193601313
"2015-07-15",-0.0541794884729859,-0.0541794884729859
"2015-07-16",0,0.0224011947303857
"2015-07-17",0,0.0518023892743491
"2015-07-20",0,0.0145818867175875
"2015-07-21",0,0.0125635510363709
"2015-07-22",0,0.0117800415198184
"2015-07-23",0,0.0292503698048385
"2015-07-24",0,-0.0146036161335187
"2015-07-27",0,-0.07217125382263
"2015-07-28",0,-0.0181532376654329
"2015-07-29",0,0.0467386252130353
"2015-07-30",0,-0.0264456285770673
"2015-07-31",0,-0.00841273058990477
"2015-08-03",0,-0.0229990800367985
"2015-08-04",0,0.0512659552207575
"2015-08-05",0,-0.0122910031847132
"2015-08-06",0,-0.00569298201420732
